,gender_word,verb,relation,gender
0,她,烦,dobj,female
1,她,喜欢,dobj,female
2,她,跟,pobj,female
3,他们,有,nsubj,male
4,先生,疼爱,nsubj,male
5,她,当做,nsubj,female
6,女子,是,attr,female
7,男子,是,attr,male
8,他,是,top,male
9,他,递给,nsubj,male
10,他,不准,dobj,male
11,她,如何,nsubj,female
12,她,长大,nsubj,female
13,他们,面临,nsubj,male
14,她,喜欢,dobj,female
15,她,有,top,female
16,她,央,dobj,female
17,他,记得,nsubj,male
18,他,给,dobj,male
19,他们,作品,assmod,male
20,他,受,nsubj,male
21,她,是,top,female
22,她,坚持,nsubj,female
23,她,替,pobj,female
24,她,精光,nsubj,female
25,女孩,与,pobj,female
26,他们,表情,nn,male
27,他们,练就,nsubj,male
28,女儿,带,dobj,female
29,她,爱,dobj,female
30,她,有,nsubj,female
31,爷爷,回答,dobj,male
32,先生,停,nsubj,male
33,爷爷,要,nsubj,male
34,爷爷,说,nsubj,male
35,爷爷,说,nsubj,male
36,她,打扮,assmod,female
37,她,有,nsubj,female
38,她,自己,dep,female
39,她,使,nsubj,female
40,男人,左右,nsubj,male
41,女人,穿,nsubj,female
42,他,躯体,assmod,male
43,他们,感情,assmod,male
44,先生,怕,dobj,male
45,他,是,top,male
46,他,欣赏,nsubj,male
47,他,想来,dobj,male
48,男孩,热爱,nsubj,male
49,女孩,L,nn,female
50,女孩,心,nsubj,female
51,他,功课,assmod,male
52,他们,骑,nsubj,male
53,他,开始,dobj,male
54,他,开始,dobj,male
55,她们,走,nsubj,female
56,妈妈,们,nn,female
57,妈妈,们,nn,female
58,她们,下厨,nsubj,female
59,小妹,要,nsubj,female
60,她,带,dobj,female
61,妈妈,们,nn,female
62,她,拧,nsubj,female
63,他,行踪,assmod,male
64,他,文章,assmod,male
65,他,是,top,male
66,先生,们,conj,male
67,爷爷,说,nsubj,male
68,他们,当成,nsubj,male
69,儿子,角色,nn,male
70,他,发话,nsubj,male
71,他,提醒,nsubj,male
72,他,注意,nsubj,male
73,她,说,nsubj,female
74,妹妹,做,dobj,female
75,她,蹲踞,nsubj,female
76,他,发现,nsubj,male
77,他,使,dobj,male
78,女孩,性子,assmod,female
79,她,孤芳自赏,top,female
80,她,是,top,female
81,她,喜欢,dobj,female
82,她,模样,nn,female
83,她,跑到,nsubj,female
84,她,仰脸,nsubj,female
85,她,冲,nsubj,female
86,爸爸,蹲,nsubj,male
87,爸爸,有,top,male
88,他,是,nsubj,male
89,他,夜骑,assmod,male
90,她,喜欢,dobj,female
91,女孩,像,pobj,female
92,她,忙,nsubj,female
93,她,是,top,female
94,女孩,是,attr,female
95,她,默书,nsubj,female
96,她,告诉,dobj,female
97,她,对,pobj,female
98,他,作,nsubj,male
99,他,让,dobj,male
100,他,告诉,dobj,male
101,他,露,nsubj,male
102,妈妈,们,nn,female
103,爷爷,问,dobj,male
104,爷爷,话,nn,male
105,他,对手,assmod,male
106,她们,选,nsubj,female
107,他,回,nsubj,male
108,他,时代,nn,male
109,她,安慰,nsubj,female
110,他们,搬,nsubj,male
111,先生,赞叹,nsubj,male
112,先生,指出,nsubj,male
113,女士,坚持,nsubj,female
114,先生,投票,nsubj,male
115,他,睽别,nsubj,male
116,先生,朋友,conj,male
117,他,对,pobj,male
118,他,读,nsubj,male
119,他,投,nsubj,male
120,她们,打扮,assmod,female
121,她们,这些,dep,female
122,她们,想,nsubj,female
123,阿姨,喜欢,nsubj,female
124,外婆,喜欢,nsubj,female
125,他们,讲出,nsubj,male
126,他们,是,nsubj,male
127,他,给,dobj,male
128,他,替,pobj,male
129,他,是,nsubj,male
130,男子,感情,assmod,male
131,妈妈,想,dobj,female
132,他,被,top,male
133,他,教法,assmod,male
134,他们,是,nsubj,male
135,他,面孔,assmod,male
136,他,大,nsubj,male
137,他,病人,assmod,male
138,她,沮丧,nsubj,female
139,他们,替,pobj,male
140,女孩,托,nsubj,female
141,他,回答,xsubj,male
142,他,告诉,dobj,male
143,爸爸,给,pobj,male
144,爸爸,看到,nsubj,male
145,她,下决心,nsubj,female
146,他,回复,nsubj,male
147,她,家人,assmod,female
148,她,跟,pobj,female
149,她,死,nsubj,female
150,外婆,跟,pobj,female
151,她们,较劲,nsubj,female
152,舅妈,怨怪,nsubj,female
153,外婆,怨怪,dobj,female
154,她,婚姻,assmod,female
155,她,破坏,nsubj,female
156,她,知道,dep,female
157,舅妈,是,nsubj,female
158,女人,是,attr,female
159,她,她,conj,female
160,她,婚姻,assmod,female
161,外婆,侵扰,nsubj,female
162,她,侵扰,dobj,female
163,爸爸,有理,nsubj,male
164,她,固执,nsubj,female
165,妹妹,陪,nsubj,female
166,妈妈,陪,dobj,female
167,她,念,nsubj,female
168,她,还给,dobj,female
169,男孩,握,nsubj,male
170,女孩,手,assmod,female
171,女儿,饮,nsubj,female
172,爷爷,说,nsubj,male
173,男孩,侧面,assmod,male
174,他们,抽取,nsubj,male
175,他,调来,top,male
176,男孩,味儿,assmod,male
177,他,红着,nsubj,male
178,女生,与,pobj,female
179,女孩,喜欢,dobj,female
180,爸爸,晚,nsubj,male
181,她,跟,pobj,female
182,她,支着,nsubj,female
183,男孩,H,nn,male
184,女孩,L,nn,female
185,男孩,M,nn,male
186,妹妹,见,nsubj,female
187,他,陪,nsubj,male
188,他,聊儿时,nsubj,male
189,妈妈,取名,nsubj,female
190,妈妈,顶爱,nsubj,female
191,女孩,可爱,nsubj,female
192,她,是,nsubj,female
193,她,小,nsubj,female
194,她,是,nsubj,female
195,她,恨,nsubj,female
196,他们,理,dobj,male
197,他,充满,nsubj,male
198,女孩,看做,nsubj,female
199,他,脸,nn,male
200,他,细心,assmod,male
201,他们,人,nn,male
202,他们,看,dobj,male
203,她,爱,nsubj,female
204,先生,场,assmod,male
205,她,说,nsubj,female
206,先生,们,nn,male
207,他,腼腆,nsubj,male
208,妈妈,说,nsubj,female
209,他们,头发,assmod,male
210,女孩,喜欢,nsubj,female
211,外公,立志,nsubj,male
212,外公,家,nn,male
213,外公,看病,nsubj,male
214,女,间,conj,female
215,女儿,和,pobj,female
216,男孩,们,nn,male
217,爸爸,学生,assmod,male
218,他,阻止,dobj,male
219,他,写,nsubj,male
220,她们,这,dep,female
221,她,想不起,dobj,female
222,爸爸,妈妈,conj,male
223,妈妈,坐,nsubj,female
224,她,课,assmod,female
225,她,讲起,nsubj,female
226,她们,是,nsubj,female
227,她,耐烦,nsubj,female
228,他们,视为,nsubj,male
229,爷爷,回来,nsubj,male
230,阿姨,搬到,nsubj,female
231,爷爷,住,nsubj,male
232,她,喜欢,nsubj,female
233,她,管,nsubj,female
234,先生,说,nsubj,male
235,她,母亲,assmod,female
236,母亲,是,top,female
237,女人,是,attr,female
238,她,告诉,nsubj,female
239,女儿,告诉,dobj,female
240,他,之于,pobj,male
241,他,坚决,nsubj,male
242,他,淡,nsubj,male
243,先生,姓,nsubj,male
244,他,好看,nsubj,male
245,女,漫画家,amod,female
246,女孩,拿起,nsubj,female
247,他,到,nsubj,male
248,他,面对,nsubj,male
249,他,高举,nsubj,male
250,男孩,像,pobj,male
251,他,向,pobj,male
252,爸爸,吹,nsubj,male
253,爸爸,接,nsubj,male
254,爸爸,挂上,nsubj,male
255,她,视作,nsubj,female
256,她,我,conj,female
257,她,答,nsubj,female
258,女子,使,nsubj,female
259,他,熟,nsubj,male
260,他们,手,nsubj,male
261,他,和,pobj,male
262,他,找,nsubj,male
263,他,回,nsubj,male
264,男子,鬼祟,assmod,male
265,女生,挡,nsubj,female
266,男人,场合,assmod,male
267,女人,谈,dobj,female
268,女人,与,pobj,female
269,男人,世界,assmod,male
270,他,画,nsubj,male
271,他,朝服,nn,male
272,他,任性,top,male
273,他,有,top,male
274,爷爷,读者,nn,male
275,他,取出,nsubj,male
276,他,秘密,assmod,male
277,伯伯,落后,nsubj,male
278,他们,身影,nn,male
279,他,难忘,nsubj,male
280,他,念,nsubj,male
281,男人,忍耐,nsubj,male
282,他,预期,nsubj,male
283,他,预料之外,nsubj,male
284,他,自己,dep,male
285,他,了解,nsubj,male
286,他们,相处,nsubj,male
287,女儿,吃,nsubj,female
288,爸爸,像,nsubj,male
289,他,是,top,male
290,男,演员,amod,male
291,男生,扯,nsubj,male
292,女,同事,amod,female
293,女,们,amod,female
294,妈妈,像,pobj,female
295,外公,像,dobj,male
296,他,接,nsubj,male
297,她,陪,dobj,female
298,他,问,dobj,male
299,男友,结交,dobj,male
300,妈妈,霜,assmod,female
301,男孩,教,dobj,male
302,他们,跟,pobj,male
303,她,知道,dobj,female
304,她,熟,nsubj,female
305,他们,看不起,dobj,male
306,他们,不知死活,nsubj,male
307,男,主人,amod,male
308,男,主人,amod,male
309,小姐,叫,dobj,female
310,她,爱,nsubj,female
311,他,哭,nsubj,male
312,他,心情,assmod,male
313,他,看到,nsubj,male
314,他,望,dobj,male
315,他,擦,nsubj,male
316,她,撞到,dobj,female
317,男生,讨厌,dobj,male
318,她们,死,nsubj,female
319,小姐,倚,nsubj,female
320,他们,做,nsubj,male
321,他,心中,nn,male
322,他,唱道,nsubj,male
323,他,讲,nsubj,male
324,爷爷,们,nn,male
325,外公,路径,assmod,male
326,他们,接近,nsubj,male
327,他们,累积,nsubj,male
328,他们,灵魂,nn,male
329,男孩,要是,dobj,male
330,男孩,要是,dobj,male
331,他,目睹,nsubj,male
332,他,招认,nsubj,male
333,他们,拆,nsubj,male
334,他,受访,nsubj,male
335,他,以为,nsubj,male
336,他,知道,dobj,male
337,先生,看,nsubj,male
338,男子,吹奏,nsubj,male
339,他,简单,nsubj,male
340,爸爸,啜,nsubj,male
341,爸爸,妈妈,nn,male
342,妈妈,为,pobj,female
343,他,亲人,assmod,male
344,他,云游,assmod,male
345,他,熟悉,nsubj,male
346,他,振奋,nsubj,male
347,他,知道,nsubj,male
348,他,居处,assmod,male
349,他们,之中,lobj,male
350,他们,出海,nsubj,male
351,他,功过,assmod,male
352,妈妈,问,dobj,female
353,他,军官,nn,male
354,他,遗书,assmod,male
355,他,有,top,male
356,他,打算,nsubj,male
357,他,high,dep,male
358,他,叫,dobj,male
359,爸爸,劝,nsubj,male
360,妈妈,劝,dobj,female
361,儿子,进,nsubj,male
362,她,回,nsubj,female
363,她,发现,nsubj,female
364,她,暗示,nsubj,female
365,她,是,attr,female
366,他,敬,dobj,male
367,女儿,动容,nsubj,female
368,妈妈,读书,nsubj,female
369,妈妈,看,nsubj,female
370,她,看,dobj,female
371,她,背着,nsubj,female
372,女性,为,attr,female
373,他们,过,nsubj,male
374,他们,想,nsubj,male
375,他们,领地,assmod,male
376,他,心境,assmod,male
377,女儿,带,dobj,female
378,女儿,告诉,dobj,female
379,她们,办到,top,female
380,女儿,来,nsubj,female
381,她,与,pobj,female
382,她,告诉,dobj,female
383,她,带,dobj,female
384,女儿,带,dobj,female
385,女儿,告诉,dobj,female
386,爷爷,谈,nsubj,male
387,妹妹,和,pobj,female
388,妈妈,让,dobj,female
389,妈妈,像,nsubj,female
390,妹妹,像,dobj,female
391,他,说,nsubj,male
392,她,赶来,nsubj,female
393,她,说,nsubj,female
394,男,尊,dobj,male
395,女,卑,dobj,female
396,女人,是,attr,female
397,女儿,协助,dobj,female
398,他,唱,nsubj,male
399,爸爸,是,top,male
400,妈妈,我,conj,female
401,妹妹,是,top,female
402,她,恨,dobj,female
403,他,路线,assmod,male
404,他,写,nsubj,male
405,他,去,nsubj,male
406,他,画作,assmod,male
407,她们,是,nsubj,female
408,爸爸,啜,nsubj,male
409,她,家,nn,female
410,她,祖父,dep,female
411,祖父,接,nsubj,male
412,她,得了,top,female
413,伯伯,见到,dobj,male
414,爸爸,听,dobj,male
415,女孩,注视,dobj,female
416,男,无情,nsubj,male
417,女,无义,top,female
418,先生,老师,conj,male
419,母亲,央,dobj,female
420,她,央,dobj,female
421,他们,命名,nsubj,male
422,他,来,nsubj,male
423,他,抚,nsubj,male
424,他,一样,nsubj,male
425,他,生日,assmod,male
426,他,出身,assmod,male
427,他,介绍,nsubj,male
428,他,寄去,nsubj,male
429,他,与,pobj,male
430,她,和,pobj,female
431,他,打算,nsubj,male
432,儿子,领,assmod,male
433,父亲,辈,nn,male
434,他,以为,nsubj,male
435,他,儿子,nn,male
436,儿子,是,attr,male
437,妈妈,们,conj,female
438,妈妈,们,nn,female
439,外公,念,advmod,male
440,她,一样,nsubj,female
441,他,瞧不起,dobj,male
442,男孩,旋转,dep,male
443,小姐,手表,nn,female
444,爷爷,慷慨,nsubj,male
445,他,而言,lobj,male
446,父亲,人,nn,male
447,他们,老去,top,male
448,她,打发,nsubj,female
449,她,接,dobj,female
450,他,留,top,male
451,他,向,pobj,male
452,母亲,瑞亚,nn,female
453,他,怀,dobj,male
454,他,生下,dobj,male
455,他,寻,dobj,male
456,他,叫,dobj,male
457,女孩,记,nsubj,female
458,她,名字,nn,female
459,她,对,pobj,female
460,她,用,nsubj,female
461,她,有,nsubj,female
462,他,看,nsubj,male
463,女孩,出国,nsubj,female
464,他,喜欢,dobj,male
465,她,带,nsubj,female
466,女儿,与,pobj,female
467,他们,用,nsubj,male
468,男,是,attr,male
469,女孩,见,dobj,female
470,他,沦落,nsubj,male
471,他,替,pobj,male
472,她,对待,nsubj,female
473,她,婴儿,assmod,female
474,他,躺,nsubj,male
475,父亲,父亲,dep,male
476,父亲,仿效,nsubj,male
477,父亲,激怒,dobj,male
478,他,赌气,nsubj,male
479,母亲,站,nsubj,female
480,他,提醒,dobj,male
481,妈妈,说,nsubj,female
482,爷爷,奶奶,nn,male
483,奶奶,带,dobj,female
484,妈妈,已经,xsubj,female
485,爷爷,奶奶,nn,male
486,奶奶,已经,nsubj,female
487,他,坐,nsubj,male
488,他,致意,nsubj,male
489,他们,代表,assmod,male
490,他,舞会,assmod,male
491,女孩,叫,nsubj,female
492,女孩,穿,nsubj,female
493,他们,是,top,male
494,他,碰上,dobj,male
495,他,向,pobj,male
496,他,返家,nsubj,male
497,他,咽下,nsubj,male
498,他,对,pobj,male
499,他,问,dobj,male
500,他们,问,dobj,male
501,他,意思,assmod,male
502,他,鼓励,nsubj,male
503,他,向,pobj,male
504,他,早,nsubj,male
505,他,收回,nsubj,male
506,他,教义,assmod,male
507,她们,跟,pobj,female
508,女孩,是,attr,female
509,婆婆,是,attr,female
510,她,翻,nsubj,female
511,他,父母,assmod,male
512,妹妹,名字,assmod,female
513,他,邀,nsubj,male
514,他们,田地,assmod,male
515,他,女伴,assmod,male
516,她,向,pobj,female
517,他,怕,dobj,male
518,她,朝,pobj,female
519,她,坐,nsubj,female
520,她们,人,nn,female
521,他们,卖,nsubj,male
522,她,带,nsubj,female
523,她,取笑,dobj,female
524,他,写,nsubj,male
525,他,名,nsubj,male
526,他,发现,nsubj,male
527,他,监视,dobj,male
528,他,投诉,nsubj,male
529,他,自恋,nsubj,male
530,他,记得,nsubj,male
531,他们,熟识,nsubj,male
532,他,肯定,nsubj,male
533,他们,妻子,assmod,male
534,他,嫁,dep,male
535,他们,忘记,dobj,male
536,男性,中,lobj,male
537,女友,与,pobj,female
538,他,称呼,nsubj,male
539,她,说,nsubj,female
540,他,是,nsubj,male
541,男孩,是,attr,male
542,他,跟,pobj,male
543,他,有,nsubj,male
544,他们,为,pobj,male
545,男生,们,nn,male
546,先生,说话,nsubj,male
547,他,驰骋,nsubj,male
548,他,族,nn,male
549,他们,问,nsubj,male
550,他们,望穿,nsubj,male
551,外公,拿,nsubj,male
552,他,告诉,nsubj,male
553,他们,笃定,nsubj,male
554,男人,幻想,nsubj,male
555,女人,幻想,dobj,female
556,他们,以为,nsubj,male
557,他们,大声,nsubj,male
558,他们,儿孙,assmod,male
559,他们,改,nsubj,male
560,他们,回来,nsubj,male
561,他们,家,nn,male
562,他,事件,assmod,male
563,他,说,nsubj,male
564,她们,触摸,dobj,female
565,她们,爱抚,dobj,female
566,她们,喜欢,nsubj,female
567,男人,自以为是,nsubj,male
568,她们,有没有,top,female
569,他,兴起,nsubj,male
570,他,旅途,nn,male
571,她,拢,nsubj,female
572,他们,带领,dobj,male
573,他们,对,pobj,male
574,他,有,top,male
575,妈妈,说,nsubj,female
576,她,欺负,dobj,female
577,他,跟着,pobj,male
578,他,对,pobj,male
579,她,丈夫,dep,female
580,他们,外省人,nn,male
581,她,是,top,female
582,她,严,nsubj,female
583,她,写,nsubj,female
584,她,不如,nsubj,female
585,她,钟爱,nsubj,female
586,外公,家,nn,male
587,他,像,nsubj,male
588,哥哥,像,dobj,male
589,他,尊重,nsubj,male
590,他,盯,nsubj,male
591,他们,成,nsubj,male
592,他,打,nsubj,male
593,他,说,nsubj,male
594,他,寻找,nsubj,male
595,她,界定,dobj,female
596,她,跨足,nsubj,female
597,儿子,媳妇,nn,male
598,他,留,dobj,male
599,他们,见,nsubj,male
600,她们,同,pobj,female
601,他,解释,nsubj,male
602,她,向,pobj,female
603,妈妈,与,pobj,female
604,他们,弃,nsubj,male
605,他们,弃绝,dobj,male
606,他,人员,assmod,male
607,他,跟,pobj,male
608,他,发现,nsubj,male
609,他,发现,nsubj,male
610,他,纠正,dobj,male
611,她,像,pobj,female
612,她,轮到,dobj,female
613,她,反,nsubj,female
614,她,说,nsubj,female
615,男孩,是,attr,male
616,他,崇拜,dobj,male
617,他,日记,assmod,male
618,他,爱,dobj,male
619,他,战役,assmod,male
620,女儿,想到,dobj,female
621,女人,是,attr,female
622,男子,道谢,nsubj,male
623,他,投寄,nsubj,male
624,他,同学,assmod,male
625,她,教,nsubj,female
626,他们,拿,nsubj,male
627,爷爷,与,pobj,male
628,她,胯下,nn,female
629,她,知,nsubj,female
630,她,能,nsubj,female
631,她,看透,dobj,female
632,她,眼睛,nn,female
633,妈妈,描述,nsubj,female
634,伯伯,是,nsubj,male
635,他,载,nsubj,male
636,他,男孩,conj,male
637,男孩,看,dobj,male
638,她,看,dobj,female
639,她,笑,nsubj,female
640,她,说,nsubj,female
641,他,学生,assmod,male
642,她,抬起,nsubj,female
643,爷爷,讲机,nsubj,male
644,他,挣扎,nsubj,male
645,外婆,问,nsubj,female
646,妈妈,家,nn,female
647,外婆,挂,nsubj,female
648,她,额上,dep,female
649,伯伯,见到,dobj,male
650,他,配乐,nn,male
651,她,给,dobj,female
652,他,身处,nsubj,male
653,他们,山盟海誓,nsubj,male
654,他们,与,pobj,male
655,女子,买,nsubj,female
656,女性,有所谓,dobj,female
657,她,当,nsubj,female
658,她们,见,nsubj,female
659,女,学生,amod,female
660,她,认为,nsubj,female
661,他们,与,pobj,male
662,她,记下,nsubj,female
663,她,作证,nsubj,female
664,她,目睹,nsubj,female
665,她们,放下,nsubj,female
666,她,桌,nn,female
667,她,来自,nsubj,female
668,他,老婆,nn,male
669,外婆,喊,nsubj,female
670,他,外线,assmod,male
671,他们,赛马,nsubj,male
672,他,看,nsubj,male
673,女孩,看,dobj,female
674,他,回来,nsubj,male
675,女孩,拉,nsubj,female
676,他,训诫,nsubj,male
677,她,疼,nsubj,female
678,爷爷,小三,dep,male
679,他们,考上,nsubj,male
680,她,肩膀,assmod,female
681,她,问,dobj,female
682,她,爬,nsubj,female
683,她,百思不得其解,nsubj,female
684,她,确信,nsubj,female
685,她,选择,nsubj,female
686,她,发现,nsubj,female
687,母亲,丝巾,assmod,female
688,她,偷,nsubj,female
689,父亲,烟,assmod,male
690,他们,跟,pobj,male
691,他们,抽,nsubj,male
692,他们,与,pobj,male
693,她,愿意,nsubj,female
694,他们,利于,dobj,male
695,她,接纳,dobj,female
696,她,个子,nn,female
697,她,高拉,dobj,female
698,他们,听,dobj,male
699,女孩,嗓子,nn,female
700,男孩,抱,nsubj,male
701,她,为,pobj,female
702,女子,处理,nsubj,female
703,母亲,换,nsubj,female
704,他,委顿,nsubj,male
705,他,躺,nsubj,male
706,男性,雄风,nn,male
707,他,说,nsubj,male
708,她,哥,nn,female
709,他,拔,nsubj,male
710,他,死掉,nsubj,male
711,妈妈,不得了,nsubj,female
712,妈妈,人,nsubj,female
713,妈妈,床,assmod,female
714,他,想,nsubj,male
715,他,还,dobj,male
716,他们,思索,nsubj,male
717,女子,尺寸,assmod,female
718,女孩,L,nn,female
719,他,看,dobj,male
720,她,渡河,nsubj,female
721,他,要,nsubj,male
722,她,帮,dobj,female
723,他,听,dobj,male
724,她,好,nsubj,female
725,她,导师,nn,female
726,她,认识,nsubj,female
727,男,孩子,amod,male
728,爸爸,跟,pobj,male
729,妹妹,聊,dobj,female
730,男孩,整好,nsubj,male
731,她,用,nsubj,female
732,他,助理,assmod,male
733,她,念书,nsubj,female
734,她,给,dobj,female
735,爷爷,啜,nsubj,male
736,他,嗅到,nsubj,male
737,他,露出,top,male
738,他们,有,nsubj,male
739,他们,有,nsubj,male
740,小姐,身上,nn,female
741,他,是,top,male
742,他,解释,nsubj,male
743,他,搜集,nsubj,male
744,他,宫,assmod,male
745,他,老婆,nn,male
746,他,应付,top,male
747,他,老婆,dep,male
748,她们,送,nsubj,female
749,他,点头,nsubj,male
750,他,说,nsubj,male
751,他,走,nsubj,male
752,他,注意,nsubj,male
753,他,令,dobj,male
754,他,大舅妈,nn,male
755,他,帮,dobj,male
756,他,陪,dobj,male
757,她,谈,nsubj,female
758,她,们,assmod,female
759,她,认识,dobj,female
760,他,回答,nsubj,male
761,他,看,dobj,male
762,他,骑,nsubj,male
763,他,子民,assmod,male
764,他,知道,nsubj,male
765,他,国家,assmod,male
766,他,离开,nsubj,male
767,他,教,nsubj,male
768,他,认为,nsubj,male
769,他,教,dobj,male
770,他,做,nsubj,male
771,他们,认为,nsubj,male
772,先生,替,pobj,male
773,他们,要求,nsubj,male
774,他们,神话,assmod,male
775,他,话,nn,male
776,他,眼中,dep,male
777,爸爸,是,attr,male
778,她,请,dobj,female
779,女孩,有,dobj,female
780,他们,其中,dep,male
781,他,告诉,nsubj,male
782,他,心境,conj,male
783,他,变得,nsubj,male
784,他,朋友,assmod,male
785,先生,课,assmod,male
786,他,让,nsubj,male
787,他,似,nsubj,male
788,先生,似,dobj,male
789,他,有,top,male
790,他,喜欢,nsubj,male
791,男孩,女孩,nn,male
792,女孩,赤,nsubj,female
793,女孩,长发,assmod,female
794,她,让,dobj,female
795,她,出来,nsubj,female
796,他,告诉,nsubj,male
797,他,想念,nsubj,male
798,她,肉体,nn,female
799,他,说,nsubj,male
800,他,鼓起,nsubj,male
801,他们,认为,nsubj,male
802,女孩,像,pobj,female
803,她们,知道,nsubj,female
804,他,爱,dobj,male
805,她,看到,dobj,female
806,他,心愿,nn,male
807,他,陪,nsubj,male
808,他,军装,nsubj,male
809,他,掬,nsubj,male
810,他们,觉得,nsubj,male
811,他们,中间,nn,male
812,他们,弃绝,dobj,male
813,他们,集团,nn,male
814,他,戴,nsubj,male
815,他,小名,assmod,male
816,他,想,nsubj,male
817,女孩,晓得,nsubj,female
818,她,名叫,nsubj,female
819,她,像,dobj,female
820,她,看,dobj,female
821,她,多,nsubj,female
822,外公,出诊,nsubj,male
823,他,事,nsubj,male
824,他们,买,nsubj,male
825,他们,奇怪,nsubj,male
826,他,轻薄,assmod,male
827,他,得志,top,male
828,他,成事,nsubj,male
829,父亲,找,dobj,male
830,她,父亲,dep,female
831,父亲,是,top,male
832,妈妈,说,nsubj,female
833,爷爷,告诉,dobj,male
834,他们,叮嘱,nsubj,male
835,爸爸,妈妈,nn,male
836,妈妈,信任,nn,female
837,他,大便,assmod,male
838,她,有,top,female
839,外婆,玩,nsubj,female
840,舅妈,和,pobj,female
841,外婆,假装,nsubj,female
842,舅妈,问,dobj,female
843,舅妈,去,nsubj,female
844,外婆,衣料,nn,female
845,舅妈,羡慕,nsubj,female
846,外婆,转送,nsubj,female
847,她,衣料,nn,female
848,女儿,有,nsubj,female
849,男生,有,dobj,male
850,他们,牛,nsubj,male
851,他,收,nsubj,male
852,他,枪击,nsubj,male
853,她,刘大任,conj,female
854,女儿,舍弃,dobj,female
855,他,给,dobj,male
856,他,自尊,nn,male
857,她,说起,nsubj,female
858,她,自己,dep,female
859,哥哥,们,nn,male
860,他,还,dobj,male
861,男,孩子,amod,male
862,他,保护层,assmod,male
863,他,有,top,male
864,他,子,assmod,male
865,他们,能力,nn,male
866,他们,母亲,assmod,male
867,母亲,何异,nsubj,female
868,他,是,top,male
869,她,想起,nsubj,female
870,他,鼻子,assmod,male
871,他,走,nsubj,male
872,她,麻袋,assmod,female
873,他,身份,assmod,male
874,他,斗争,nsubj,male
875,他们,与,pobj,male
876,他们,系统,nn,male
877,他,知道,nsubj,male
878,他,引导,dobj,male
879,她,有,top,female
880,他,给,pobj,male
881,他,同意,assmod,male
882,他,以为,nsubj,male
883,他,熟悉,nsubj,male
884,外公,像,dobj,male
885,外婆,喊,dobj,female
886,妈妈,们,nn,female
887,女,学生,amod,female
888,他们,相信,nsubj,male
889,他们,知道,nsubj,male
890,他,知道,nsubj,male
891,他们,让,dobj,male
892,他们,动机,nn,male
893,女儿,带,dobj,female
894,他,同乡,assmod,male
895,他,结婚,nsubj,male
896,他,熟悉,nsubj,male
897,他,用,nsubj,male
898,他,熟悉,nsubj,male
899,他,以为,nsubj,male
900,他,无妨,nsubj,male
901,他,大,nsubj,male
902,男孩,找,dobj,male
903,他,对,pobj,male
904,她,指,nsubj,female
905,她,念,nsubj,female
906,她,家,nn,female
907,她,点点头,nsubj,female
908,她,犯,dobj,female
909,她,领,nsubj,female
910,她,仰望,dobj,female
911,她,后方,assmod,female
912,他,妻子,assmod,male
913,他,访问,dobj,male
914,他,味儿,assmod,male
915,他,要,nsubj,male
916,他,做,nsubj,male
917,他,说,nsubj,male
918,女友,名字,assmod,female
919,他,让,nsubj,male
920,爸爸,说,nsubj,male
921,他,让,dobj,male
922,女友,想,dobj,female
923,先生,穿,nsubj,male
924,妈妈,唱,nsubj,female
925,妈妈,年龄,assmod,female
926,伯伯,书房,assmod,male
927,他们,阳台,nn,male
928,他,讲,nsubj,male
929,她,寄给,dobj,female
930,女儿,与,pobj,female
931,她们,忠告,nsubj,female
932,女儿,给,pobj,female
933,女儿,捡拾,nsubj,female
934,他,嫖,nsubj,male
935,先生,漂亮,nsubj,male
936,他,叫,dobj,male
937,她,想见,dobj,female
938,她,教,nsubj,female
939,她,教,dobj,female
940,她,是,nsubj,female
941,妹妹,是,attr,female
942,她,趴,nsubj,female
943,她,凑,nsubj,female
944,她,而言,lobj,female
945,男子,教导,dobj,male
946,他,看,xsubj,male
947,男,小说家,amod,male
948,他,身属,nsubj,male
949,他们,散落,nsubj,male
950,他,是,nsubj,male
951,她,他,prnmod,female
952,她,告诉,nsubj,female
953,她,天人交战,nsubj,female
954,她,替,pobj,female
955,先生,模样,assmod,male
956,她们,想念,nsubj,female
957,她,想念,dobj,female
958,父亲,替,pobj,male
959,他,有,top,male
960,她,知悉,nsubj,female
961,他们,自信,nsubj,male
962,他们,预言,nsubj,male
963,爷爷,说,nsubj,male
964,男,孩子,amod,male
965,他们,比,nsubj,male
966,女儿,告诉,dobj,female
967,她,爸爸,nn,female
968,爸爸,约会,nsubj,male
969,她们,领,nsubj,female
970,她,接去,nsubj,female
971,她,拿来,nsubj,female
972,伯伯,家,assmod,male
973,他们,阳台,nn,male
974,伯伯,教,nsubj,male
975,先生,走过,nsubj,male
976,他,有,nsubj,male
977,他们,小孩,nn,male
978,他们,奉,nsubj,male
979,她,看,dobj,female
980,女孩,看,dobj,female
981,妈妈,拽,dobj,female
982,她,让,dobj,female
983,她,眉,nn,female
984,外公,负责,nsubj,male
985,阿姨,扎成,nsubj,female
986,她们,练,nsubj,female
987,她,对,pobj,female
988,他们,要求,nsubj,male
989,她,光辉,assmod,female
990,男孩,是,attr,male
991,他,是,nsubj,male
992,他,与,pobj,male
993,他们,辩论,nsubj,male
994,外公,有,top,male
995,他,好,nsubj,male
996,女友,信件,assmod,female
997,她,看,dobj,female
998,她,眼睛,nn,female
999,她,冲进,nsubj,female
1000,女儿,属于,dobj,female
1001,她,记得,nsubj,female
1002,她,惊恸,nsubj,female
1003,他,血型,assmod,male
1004,她,爱,top,female
1005,小姐,镇守,nsubj,female
1006,小姐,肉松,nn,female
1007,她,认作,nsubj,female
1008,哥哥,是,attr,male
1009,妹妹,是,attr,female
1010,舅舅,是,attr,male
1011,男人,告诉,nsubj,male
1012,他,告诉,dobj,male
1013,他,跟,pobj,male
1014,伯伯,跟,pobj,male
1015,父亲,是,top,male
1016,哥哥,考好,nsubj,male
1017,她,觉得,nsubj,female
1018,她,在乎,top,female
1019,她,是,top,female
1020,她,是,top,female
1021,她,语调,assmod,female
1022,他,有空,nsubj,male
1023,她,是,top,female
1024,女孩,是,attr,female
1025,她,跟,pobj,female
1026,他,没有,nsubj,male
1027,他,望,nsubj,male
1028,他,让,dobj,male
1029,男人,有,nsubj,male
1030,她,访谈,dobj,female
1031,她,手,dep,female
1032,他,争辩,nsubj,male
1033,外公,去,nsubj,male
1034,外婆,抛开,nsubj,female
1035,先生,娘,nn,male
1036,外公,控制,nsubj,male
1037,外婆,高血压,assmod,female
1038,他们,回答,dobj,male
1039,她,意,nsubj,female
1040,他,脸,nn,male
1041,他,使,dobj,male
1042,哥哥,是,nsubj,male
1043,他,拭,nsubj,male
1044,她,伟大,nsubj,female
1045,他,留心,nsubj,male
1046,她,把,nsubj,female
1047,她,拘,nsubj,female
1048,她,说,nsubj,female
1049,女儿,看到,dobj,female
1050,爸爸,妈妈,nn,male
1051,妈妈,乐于,top,female
1052,她,看,dobj,female
1053,她,丈夫,assmod,female
1054,她,是,attr,female
1055,她,脸上,dep,female
1056,男生,口吻,assmod,male
1057,他,尾随,nsubj,male
1058,男生,尾随,dobj,male
1059,他,觉得,nsubj,male
1060,他,鼓足,xsubj,male
1061,她,传染,nsubj,female
1062,她,直觉,nn,female
1063,母亲,做,dobj,female
1064,他,枪,assmod,male
1065,他,一样,nsubj,male
1066,他,说话,nsubj,male
1067,男孩,哥哥,dep,male
1068,哥哥,是,attr,male
1069,女儿,跟,pobj,female
1070,她们,一样,nsubj,female
1071,她,是,top,female
1072,女孩,是,attr,female
1073,她,怨,nsubj,female
1074,她们,脸,nn,female
1075,男,打,nsubj,male
1076,她们,借,nsubj,female
1077,男,孩子,amod,male
1078,他,等,nsubj,male
1079,女孩,等,dobj,female
1080,妈妈,与,pobj,female
1081,她,解,nsubj,female
1082,她,中指,nn,female
1083,她,指头,nn,female
1084,她,手指,dep,female
1085,他们,少年,nsubj,male
1086,哥哥,装,nn,male
1087,她,满意,nsubj,female
1088,女孩,当是,nsubj,female
1089,他,担心,nsubj,male
1090,他们,无形,nsubj,male
1091,她,阅读,nsubj,female
1092,她,身属,nsubj,female
1093,她,违背,nsubj,female
1094,男人,嫁给,dobj,male
1095,男,打喷嚏,nsubj,male
1096,他,声,assmod,male
1097,他,顾客,assmod,male
1098,他们,行动,assmod,male
1099,他们,超过,nsubj,male
1100,他们,做,nsubj,male
1101,她,练球,nsubj,female
1102,她,头发,nn,female
1103,她,勾,nsubj,female
1104,她,喜欢,dobj,female
1105,她,走起,nsubj,female
1106,女孩,想,dobj,female
1107,她,爱,nsubj,female
1108,她,使,dobj,female
1109,他,有,nsubj,male
1110,女儿,和,pobj,female
1111,她,想不,dobj,female
1112,女儿,念,nsubj,female
1113,爷爷,说到,nsubj,male
1114,爷爷,说,top,male
1115,她,考上,nsubj,female
1116,她,眼睛,nn,female
1117,她,恨,dobj,female
1118,妈妈,说,nsubj,female
1119,他,吸纳,dobj,male
1120,他,助选员,assmod,male
1121,他,看,nsubj,male
1122,男子,捧上,nsubj,male
1123,他,老板,nn,male
1124,他,拜拜,dobj,male
1125,舅妈,放给,nsubj,female
1126,她,问,dobj,female
1127,她,说,nsubj,female
1128,她,威胁,dobj,female
1129,她,说,nsubj,female
1130,舅妈,说,nsubj,female
1131,她,懂,nsubj,female
1132,爸爸,跟,pobj,male
1133,爸爸,写稿,nsubj,male
1134,她,有,top,female
1135,她,了解,nsubj,female
1136,女儿,带,dobj,female
1137,女儿,说话,nsubj,female
1138,他,政党,assmod,male
1139,他们,话,assmod,male
1140,他,掉出,nsubj,male
1141,他,一样,nsubj,male
1142,他,派,nn,male
1143,他,替,pobj,male
1144,女,望,nsubj,female
1145,男,望,dobj,male
1146,男,吸,nsubj,male
1147,女,伸手,nsubj,female
1148,他,替,pobj,male
1149,他们,为,pobj,male
1150,他,感觉,nsubj,male
1151,他,爱,nsubj,male
1152,他,怕,dobj,male
1153,他,认识,dobj,male
1154,他,认识,dobj,male
1155,他,拿起,nsubj,male
1156,他,说,nsubj,male
1157,他,这样,nsubj,male
1158,她,瞟,dobj,female
1159,她,走,nsubj,female
1160,男孩,气,nsubj,male
1161,他,觉得,nsubj,male
1162,他们,老婆,assmod,male
1163,他们,给,pobj,male
1164,他们,儿孙,assmod,male
1165,他们,向,pobj,male
1166,他,看到,nsubj,male
1167,他们,悲伤,nsubj,male
1168,他,向,pobj,male
1169,他,心情,nn,male
1170,他们,去掉,nsubj,male
1171,小姐,有,nsubj,female
1172,她,话,assmod,female
1173,他,参加,nsubj,male
1174,他,坚守,nsubj,male
1175,他,说及,nsubj,male
1176,他,性能力,assmod,male
1177,他,老百姓,nn,male
1178,他,觉得,nsubj,male
1179,他,与,pobj,male
1180,他,与,pobj,male
1181,他们,汗液,assmod,male
1182,哥哥,住,nsubj,male
1183,他们,居住,nsubj,male
1184,他们,游,nsubj,male
1185,他们,令,dobj,male
1186,他,了,dep,male
1187,他们,样子,nsubj,male
1188,他,告诉,nsubj,male
1189,他,圈子,assmod,male
1190,他,一样,nsubj,male
1191,他,是,top,male
1192,他,告诉,nsubj,male
1193,他,怪异,nsubj,male
1194,她,观众,nn,female
1195,他,糊涂,nsubj,male
1196,他,拉,dobj,male
1197,她,离,pobj,female
1198,他们,观光,nsubj,male
1199,他们,帮,dobj,male
1200,女人,情人,conj,female
1201,他们,寄给,dobj,male
1202,他们,挥别,dobj,male
1203,他们,灵魂,assmod,male
1204,妈妈,那里,nn,female
1205,妈妈,抱怨,nsubj,female
1206,儿子,探望,nsubj,male
1207,她,探望,dobj,female
1208,她,进度,assmod,female
1209,男生,躲,nsubj,male
1210,他们,看到,nsubj,male
1211,他,褪去,nsubj,male
1212,母亲,发现,nsubj,female
1213,男生,们,nn,male
1214,他们,告诉,nsubj,male
1215,他们,出没,nsubj,male
1216,他,玩意,assmod,male
1217,他,出没,nsubj,male
1218,他,见到,nsubj,male
1219,女友,是,attr,female
1220,女孩,痛哭,nsubj,female
1221,她,与众不同,nsubj,female
1222,父亲,工作,nn,male
1223,母亲,姓,assmod,female
1224,她,觉得,nsubj,female
1225,她,与,pobj,female
1226,她,吐实,nsubj,female
1227,他,惊惶,nsubj,male
1228,母亲,阻止,dobj,female
1229,妹妹,咖啡店,assmod,female
1230,她,哭,nsubj,female
1231,男孩,车,nn,male
1232,他们,无理取闹,assmod,male
1233,妹妹,推,nsubj,female
1234,他,向,pobj,male
1235,他,听清,nsubj,male
1236,他,向,pobj,male
1237,女子,学校,nn,female
1238,他,记得,nsubj,male
1239,他,好好,nsubj,male
1240,他,好,nsubj,male
1241,她,汗湿,nsubj,female
1242,妹妹,劝,nsubj,female
1243,他,散文,assmod,male
1244,他,开车,nsubj,male
1245,他,模样,nn,male
1246,他,做,top,male
1247,女孩,是,attr,female
1248,女孩,当,dobj,female
1249,他,死掉,nsubj,male
1250,外公,见,nsubj,male
1251,她,叫,nsubj,female
1252,她,穿,nsubj,female
1253,她,当作,nsubj,female
1254,他,衬,nsubj,male
1255,他,像,nsubj,male
1256,他,脚下,assmod,male
1257,他,喜欢,nsubj,male
1258,她,搀,dobj,female
1259,他,监视,dobj,male
1260,妹妹,过生日,nsubj,female
1261,她,现,nsubj,female
1262,妈妈,醒,nsubj,female
1263,他们,回来,nsubj,male
1264,她,注视,nsubj,female
1265,女人,与,pobj,female
1266,她,眼中,nn,female
1267,他,提出,nsubj,male
1268,他,唱起,nsubj,male
1269,男,老师,amod,male
1270,女,敷,nsubj,female
1271,他,家,nn,male
1272,男,明星,amod,male
1273,外公,司药,assmod,male
1274,他,坐,nsubj,male
1275,他,赠给,dobj,male
1276,他,令,dobj,male
1277,他,知道,nsubj,male
1278,他,去,nsubj,male
1279,他们,存在,assmod,male
1280,他们,范围,assmod,male
1281,他们,丧礼,assmod,male
1282,他们,追思,dobj,male
1283,他们,死,assmod,male
1284,他们,免于,nsubj,male
1285,他,决定,nsubj,male
1286,他,下,nsubj,male
1287,他,高,nsubj,male
1288,男,孩子,amod,male
1289,他,对,pobj,male
1290,他,路,nn,male
1291,女人,保存,dobj,female
1292,妹妹,讲给,nsubj,female
1293,先生,忙,nsubj,male
1294,她,淘汰,top,female
1295,她,提醒,dobj,female
1296,她,浇水,nsubj,female
1297,女孩,找,dobj,female
1298,他们,先生,dep,male
1299,女士,先生,dep,female
1300,先生,称呼,dobj,male
1301,伯伯,扛,nsubj,male
1302,他,扛,dobj,male
1303,阿姨,怕,nsubj,female
1304,伯伯,走,nsubj,male
1305,爸爸,由,pobj,male
1306,他,Rider,assmod,male
1307,妈妈,央,dobj,female
1308,他们,看,dobj,male
1309,他,旅,nn,male
1310,他,闹,nsubj,male
1311,他,写,nsubj,male
1312,他,读,nsubj,male
1313,他们,问,dobj,male
1314,他,跟着,dobj,male
1315,他,战栗,nsubj,male
1316,她,向,pobj,female
1317,她们,看看,dobj,female
1318,她们,是,nsubj,female
1319,男孩,晃荡,nsubj,male
1320,妹妹,哭,nsubj,female
1321,父亲,替,pobj,male
1322,他,朝,pobj,male
1323,他,想,nsubj,male
1324,他们,充满,nsubj,male
1325,先生,有,nsubj,male
1326,他,自己,dep,male
1327,她,兴起,nsubj,female
1328,她,着,nsubj,female
1329,他,看到,nsubj,male
1330,女儿,毕业,nsubj,female
1331,她,代,dobj,female
1332,女儿,想,xsubj,female
1333,阿公,做,dobj,male
1334,阿公,陪,dobj,male
1335,他,工作室,nn,male
1336,他,注意,nsubj,male
1337,他,坚信,nsubj,male
1338,他,自己,dep,male
1339,他,想到,dobj,male
1340,他,影子,assmod,male
1341,他,激,dobj,male
1342,他,想,nsubj,male
1343,他,熟,nsubj,male
1344,爸爸,讲,nsubj,male
1345,他,问,nsubj,male
1346,他,抓住,nsubj,male
1347,他,目标,assmod,male
1348,爸爸,等,nsubj,male
1349,她,接,dobj,female
1350,爸爸,跟,pobj,male
1351,她,跟,pobj,female
1352,她,是,attr,female
1353,他,害怕,nsubj,male
1354,他,投,dobj,male
1355,他,上,nsubj,male
1356,男友,说,nsubj,male
1357,她,丈夫,dep,female
1358,她,善待,dobj,female
1359,他,说,nsubj,male
1360,他,加上,nsubj,male
1361,他,减去,dobj,male
1362,女友,想起,dobj,female
1363,她们,不如,dobj,female
1364,她们,见,dobj,female
1365,她,大,dobj,female
1366,她,恋爱,nsubj,female
1367,他,与,pobj,male
1368,她,用,nsubj,female
1369,爷爷,说,nsubj,male
1370,他,记得,nsubj,male
1371,他,提醒,dobj,male
1372,他,看看,nsubj,male
1373,她,不为所动,nsubj,female
1374,她,觉得,nsubj,female
1375,妈妈,说,nsubj,female
1376,女人,和,pobj,female
1377,他,叫,dobj,male
1378,她,和,pobj,female
1379,他,收拢,nsubj,male
1380,他,缺乏,nsubj,male
1381,他们,蔡,conj,male
1382,他,蔡,conj,male
1383,他,笑,nsubj,male
1384,他们,kiss,nsubj,male
1385,她,看到,nsubj,female
1386,他,写,nsubj,male
1387,他,信约,assmod,male
1388,阿公,配,nsubj,male
1389,他,刺,dobj,male
1390,他,造,dobj,male
1391,他,和,pobj,male
1392,他,靠,dobj,male
1393,她,向,pobj,female
1394,爸爸,妈妈,nn,male
1395,妈妈,守,dobj,female
1396,外公,外婆,nn,male
1397,外婆,看,nsubj,female
1398,男孩,指,dobj,male
1399,她,爱,nsubj,female
1400,外婆,差,nsubj,female
1401,她,给,pobj,female
1402,她,坚持,nsubj,female
1403,男生,半死,nsubj,male
1404,她,用,nsubj,female
1405,她,看,dobj,female
1406,她,做,nsubj,female
1407,她,怪,dobj,female
1408,妈妈,讲,nsubj,female
1409,他,看,dobj,male
1410,他,高,nsubj,male
1411,他们,探亲,assmod,male
1412,他们,成人,nsubj,male
1413,他们,使,dobj,male
1414,妈妈,苦练,nsubj,female
1415,她们,垂,nsubj,female
1416,她们,年轻,nsubj,female
1417,她们,老,nsubj,female
1418,她们,被,nsubj,female
1419,她们,被,nsubj,female
1420,男孩,射篮,nsubj,male
1421,她,是,nsubj,female
1422,她,答,nsubj,female
1423,他,一模一样,nsubj,male
1424,他,批判,nsubj,male
1425,他,怕,nsubj,male
1426,他,问候,dobj,male
1427,爸爸,书柜,nn,male
1428,男孩,说,nsubj,male
1429,女孩,做,nsubj,female
1430,外公,家,nn,male
1431,他,喜欢,nsubj,male
1432,他,念,nsubj,male
1433,他,叫,dobj,male
1434,妹妹,有,nsubj,female
1435,他,断裂,nsubj,male
1436,他,喝,nsubj,male
1437,他们,煮,nsubj,male
1438,她,面前,lobj,female
1439,他们,指出,nsubj,male
1440,她,搬家,nsubj,female
1441,她,指,nsubj,female
1442,妈妈,玩,nsubj,female
1443,他,脚,nn,male
1444,他,衣角,nn,male
1445,阿公,电话,dep,male
1446,他,试,nsubj,male
1447,他,放下,nsubj,male
1448,她,眼睛,nn,female
1449,她,带,dobj,female
1450,他,身分,assmod,male
1451,他,等待,dobj,male
1452,她,爸爸,nn,female
1453,爸爸,送,nsubj,male
1454,她,替,pobj,female
1455,女孩,看,nsubj,female
1456,她们,是,nsubj,female
1457,男孩,叫,dobj,male
1458,他们,是,nsubj,male
1459,他们,扪心,nsubj,male
1460,他,托,nsubj,male
1461,她们,漂亮,nsubj,female
1462,他们,没有,nsubj,male
1463,他,路,nn,male
1464,他,拍,xsubj,male
1465,男,主角,amod,male
1466,他们,帮,dobj,male
1467,他,跟着,nsubj,male
1468,他们,捕捉,nsubj,male
1469,他,说,nsubj,male
1470,女子,打扮,nsubj,female
1471,女神,打扮,nsubj,female
1472,爸爸,与,pobj,male
1473,他,狂热,nn,male
1474,他,话,assmod,male
1475,他,让,nsubj,male
1476,他,是,top,male
1477,男,孩子,amod,male
1478,男孩,让,nsubj,male
1479,他,清楚,nsubj,male
1480,爷爷,说,nsubj,male
1481,他们,讲,nsubj,male
1482,他,听,nsubj,male
1483,他,激动,nsubj,male
1484,他,说,nsubj,male
1485,他,离乡,nsubj,male
1486,他们,行之有年,nsubj,male
1487,他,说,nsubj,male
1488,她,做,nsubj,female
1489,他们,窥破,nsubj,male
1490,女神,是,attr,female
1491,她们,身上,dep,female
1492,她们,是,nsubj,female
1493,爸爸,父爱,assmod,male
1494,她们,对,pobj,female
1495,她们,那样,nsubj,female
1496,男子,让,nsubj,male
1497,他们,死亡,conj,male
1498,她们,印象,nn,female
1499,先生,们,nn,male
1500,男生,载,nsubj,male
1501,女生,载,dobj,female
1502,她,画,nsubj,female
1503,母亲,子宫,nn,female
1504,母亲,夏娃,nn,female
1505,他,肩上,nn,male
1506,伯伯,平静,nsubj,male
1507,他,生活,nn,male
1508,先生,找到,nsubj,male
1509,她,对,pobj,female
1510,她,过,dobj,female
1511,她,说,nsubj,female
1512,她,说,nsubj,female
1513,女友,和,pobj,female
1514,女孩,宿舍,nn,female
1515,她,送,dobj,female
1516,她,耳边,dep,female
1517,他,休假,nsubj,male
1518,他,为,pobj,male
1519,他,要,nsubj,male
1520,他,小虾,assmod,male
1521,哥哥,丁庭宇,conj,male
1522,他,愿意,nsubj,male
1523,他,追究,nsubj,male
1524,他,意见,assmod,male
1525,他,发现,nsubj,male
1526,爸爸,妈妈,nn,male
1527,妈妈,给,nsubj,female
1528,爸爸,写道,nsubj,male
1529,爷爷,说,nsubj,male
1530,爸爸,买,nsubj,male
1531,他,简介,assmod,male
1532,他,诗句,nn,male
1533,男友,告诉,dobj,male
1534,他,好,nsubj,male
1535,她,看,nsubj,female
1536,她,喜欢,nsubj,female
1537,女,学生,amod,female
1538,他,取消,nsubj,male
1539,她,找,dobj,female
1540,她,退休,nsubj,female
1541,她,教,nsubj,female
1542,她,跟,pobj,female
1543,她,班,nn,female
1544,男生,模样,nn,male
1545,她,这般,nsubj,female
1546,他们,说,nsubj,male
1547,他,诗,assmod,male
1548,他,政策,assmod,male
1549,她,们,nn,female
1550,男,们,amod,male
1551,他,与,pobj,male
1552,他,望见,nsubj,male
1553,父亲,望见,dobj,male
1554,他,是,nsubj,male
1555,他,望,nsubj,male
1556,男子,离去,nsubj,male
1557,他,饼,nn,male
1558,儿子,为,pobj,male
1559,小姐,送给,dobj,female
1560,爷爷,听,dobj,male
1561,她们,跳,nsubj,female
1562,男人,跟,pobj,male
1563,女人,拥,nsubj,female
1564,爸爸,和,pobj,male
1565,女,同业,amod,female
1566,男孩,仿佛,dobj,male
1567,哥哥,姊姊,conj,male
1568,他,给,dobj,male
1569,他,拜托,dobj,male
1570,他,解释,nsubj,male
1571,舅妈,味道,assmod,female
1572,男人,以为,nsubj,male
1573,她,们,assmod,female
1574,他们,随,pobj,male
1575,男生,打量,nsubj,male
1576,他,同情,dobj,male
1577,男性,友谊,nn,male
1578,女人,杀,dobj,female
1579,他,背叛,nsubj,male
1580,他,老婆,nn,male
1581,他们,家,nn,male
1582,他,老婆,nn,male
1583,他们,是,nsubj,male
1584,先生,长,nsubj,male
1585,先生,短,nsubj,male
1586,他们,大家长,assmod,male
1587,他们,找,nsubj,male
1588,他,名字,assmod,male
1589,她,古典,nsubj,female
1590,她,无能,nsubj,female
1591,她,是,nsubj,female
1592,她,说话,nsubj,female
1593,她,听,dobj,female
1594,爷爷,说,nsubj,male
1595,她,倚,nsubj,female
1596,她,是,nsubj,female
1597,女孩,是,attr,female
1598,女,同业,amod,female
1599,先生,抵抗,nsubj,male
1600,他,带给,dobj,male
1601,他,在,nsubj,male
1602,她,在,nsubj,female
1603,她,邓,conj,female
1604,她,弟弟,assmod,female
1605,弟弟,政宏,nn,male
1606,她,唱,nsubj,female
1607,她,看,dobj,female
1608,他,装,nsubj,male
1609,他们,前辈,assmod,male
1610,他们,得到,nsubj,male
1611,他们,帮,dobj,male
1612,妹妹,走,nsubj,female
1613,他,教,nsubj,male
1614,妈妈,们,nn,female
1615,她,捂,nsubj,female
1616,她,一点,dobj,female
1617,爸爸,们,nn,male
1618,她,寄,nsubj,female
1619,她,出国,nsubj,female
1620,她,那里,dep,female
1621,她,比,pobj,female
1622,他们,深知,top,male
1623,男孩,是,attr,male
1624,她,想起,dobj,female
1625,她,住,nsubj,female
1626,外婆,有,nsubj,female
1627,女人,跟,pobj,female
1628,舅妈,身上,nn,female
1629,她,身材,nn,female
1630,她,穿,nsubj,female
1631,奶奶,尖,nsubj,female
1632,她,爱美,nsubj,female
1633,她们,流行,nn,female
1634,她们,爱,nsubj,female
1635,舅妈,有,nsubj,female
1636,他,打球,nsubj,male
1637,他们,表达,nsubj,male
1638,她,强迫,dobj,female
1639,她,年轻,nsubj,female
1640,她,央,pobj,female
1641,她,红,nsubj,female
1642,她,家,nn,female
1643,爸爸,妈妈,nn,male
1644,妈妈,对不起,dobj,female
1645,他们,教养,nsubj,male
1646,他们,叫,nsubj,male
1647,妹妹,替,pobj,female
1648,妈妈,闭,nsubj,female
1649,哥哥,上,nsubj,male
1650,他,看,nsubj,male
1651,他,遗失,nsubj,male
1652,他,迁往,nsubj,male
1653,父亲,牵挂,nsubj,male
1654,女儿,来,nsubj,female
1655,妹妹,是,attr,female
1656,她,腋下,assmod,female
1657,儿子,奄奄一息,nsubj,male
1658,她,身上,nn,female
1659,女人,想,dobj,female
1660,她们,知道,nsubj,female
1661,他,穿,nsubj,male
1662,他,称,dobj,male
1663,她,介意,nsubj,female
1664,她,为,pobj,female
1665,她,让,dobj,female
1666,他们,自己,dep,male
1667,她们,去,nsubj,female
1668,她,看到,nsubj,female
1669,母亲,打扮,nsubj,female
1670,父亲,晒,nsubj,male
1671,她,觉得,nsubj,female
1672,她,细节,nn,female
1673,他们,经历,nsubj,male
1674,他们,出来,nsubj,male
1675,他们,表达,nsubj,male
1676,妈妈,吸,nsubj,female
1677,爸爸,理智,nsubj,male
1678,他,馋,nsubj,male
1679,妈妈,干死,nsubj,female
1680,爸爸,没有,xsubj,male
1681,她,拦阻,dobj,female
1682,她,丈夫,assmod,female
1683,他,票,dep,male
1684,他,拯救,nsubj,male
1685,他,预料,nsubj,male
1686,他,站,nsubj,male
1687,他,与,pobj,male
1688,她,头发,nn,female
1689,他们,努力,nsubj,male
1690,他,孤寂,assmod,male
1691,他,松懈,nsubj,male
1692,他,维持,nsubj,male
1693,他,答应,nsubj,male
1694,他,承继,nsubj,male
1695,父亲,财产,assmod,male
1696,他,发放,nsubj,male
1697,他们,给,pobj,male
1698,他们,耕种,nsubj,male
1699,他们,深,nsubj,male
1700,他们,回国,nsubj,male
1701,他,小心翼翼,nsubj,male
1702,他,希望,nsubj,male
1703,他们,坐,nsubj,male
1704,他,教,dobj,male
1705,他,与,pobj,male
1706,她,是,top,female
1707,女孩,是,attr,female
1708,她,人,nn,female
1709,他们,拉,nsubj,male
1710,他们,是,top,male
1711,他们,跟,pobj,male
1712,他,爱,nsubj,male
1713,女孩,是,attr,female
1714,她,见,dobj,female
1715,女,娃娃,amod,female
1716,妈妈,膝上,nn,female
1717,小姐,拜托,dobj,female
1718,妈妈,爱,dobj,female
1719,妈妈,爱,nsubj,female
1720,她,告诉,nsubj,female
1721,先生,出,nsubj,male
1722,小姐,讲,nsubj,female
1723,她,理由,assmod,female
1724,她,给,dobj,female
1725,她,喜欢,nsubj,female
1726,她,在,nsubj,female
1727,女儿,方向,assmod,female
1728,女生,送给,dobj,female
1729,她,跑,nsubj,female
1730,男,孩子,amod,male
1731,她,要,nsubj,female
1732,她,拥有,nsubj,female
1733,他,听,dobj,male
1734,妈妈,跟,dobj,female
1735,他,书,nn,male
1736,他,带,nsubj,male
1737,他们,使,dobj,male
1738,他,支撑,dobj,male
1739,他,相貌,assmod,male
1740,他,给,nsubj,male
1741,他,爱,nsubj,male
1742,他,有理,nsubj,male
1743,他,让,nsubj,male
1744,他们,居心,assmod,male
1745,她,没,nsubj,female
1746,他们,笑谑,assmod,male
1747,他,见,dobj,male
1748,她们,来,nsubj,female
1749,女生,冒出,dobj,female
1750,她们,眼前,dep,female
1751,她们,鄙夷,nsubj,female
1752,妈妈,出嫁,nsubj,female
1753,他,高兴,nsubj,male
1754,他们,扔给,dobj,male
1755,妈妈,对,pobj,female
1756,伯伯,去世,nsubj,male
1757,他,告诉,nsubj,male
1758,他,想,nsubj,male
1759,他,想,nsubj,male
1760,女孩,像,nsubj,female
1761,她,与,pobj,female
1762,爸爸,姊姊,conj,male
1763,妈妈,姊姊,conj,female
1764,他,跟,pobj,male
1765,先生,看,dobj,male
1766,她,先生,conj,female
1767,先生,解释,nsubj,male
1768,他,保留,nsubj,male
1769,他,断定,nsubj,male
1770,他,居住,nsubj,male
1771,他,收,nsubj,male
1772,他,寄,nsubj,male
1773,他,恳求,nsubj,male
1774,他,说,nsubj,male
1775,他,公司,assmod,male
1776,他,给,dobj,male
1777,他,打断,dobj,male
1778,他,家,assmod,male
1779,女孩,搂,dobj,female
1780,她,挥,nsubj,female
1781,她,心版,assmod,female
1782,他,念完,nsubj,male
1783,妈妈,说,nsubj,female
1784,女孩,当,top,female
1785,他,失,nsubj,male
1786,他,拉去,top,male
1787,他,圈,nn,male
1788,他,朋友,nn,male
1789,他,举行,nsubj,male
1790,女友,如同,dobj,female
1791,他,害怕,nsubj,male
1792,他们,跟,pobj,male
1793,男生,们,nn,male
1794,男生,拿,nsubj,male
1795,她们,替,pobj,female
1796,男友,有,dobj,male
1797,他,去,nsubj,male
1798,妈妈,松,nsubj,female
1799,她,教,dobj,female
1800,男生,记得,nsubj,male
1801,他们,不足,nsubj,male
1802,他们,小子,nn,male
1803,他们,想,nsubj,male
1804,外公,家,nn,male
1805,外婆,喊醒,nsubj,female
1806,外婆,由,pobj,female
1807,妈妈,性子,assmod,female
1808,男孩,拥抱,nsubj,male
1809,男孩,告一段落,nsubj,male
1810,男人,是,attr,male
1811,他,愿意,nsubj,male
1812,他们,开心,nsubj,male
1813,他们,那样,nsubj,male
1814,他们,知道,nsubj,male
1815,他们,身处,nsubj,male
1816,女孩,们,nn,female
1817,她,是,nsubj,female
1818,他,干吗,nsubj,male
1819,他们,而言,lobj,male
1820,她,答非所问,nsubj,female
1821,她,哲学,nn,female
1822,他们,吵,nsubj,male
1823,他,相信,nsubj,male
1824,他,监视,dobj,male
1825,他,闻,nsubj,male
1826,他,说,nsubj,male
1827,先生,规定,nsubj,male
1828,先生,批,nsubj,male
1829,她,人,nn,female
1830,妈妈,想,nsubj,female
1831,他们,年轻,nsubj,male
1832,她们,女孩,nn,female
1833,女孩,过,nsubj,female
1834,爷爷,啜,nsubj,male
1835,爸爸,和,pobj,male
1836,爸爸,翻开,nsubj,male
1837,爷爷,说,nsubj,male
1838,他们,和,pobj,male
1839,男孩,男孩,dep,male
1840,男孩,想念,conj,male
1841,男,孩子,amod,male
1842,他们,吃惊,nsubj,male
1843,他们,羡慕,nsubj,male
1844,他,说,nsubj,male
1845,女孩,是,attr,female
1846,她,看到,dobj,female
1847,男,孩子,amod,male
1848,她,娶,dobj,female
1849,她,给,dobj,female
1850,妈妈,拿,nsubj,female
1851,她们,一样,nsubj,female
1852,爸爸,故事,dep,male
1853,爷爷,讲,nsubj,male
1854,她,赶车,nsubj,female
1855,外公,家,nn,male
1856,她,与,pobj,female
1857,他,不然,nsubj,male
1858,外婆,对,pobj,female
1859,外婆,是,top,female
1860,小姐,是,attr,female
1861,外公,叫,nsubj,male
1862,她,girl,nn,female
1863,外婆,禁得起,nsubj,female
1864,她,有着,top,female
1865,她,衣服,assmod,female
1866,她,动心,nsubj,female
1867,他,说话,nsubj,male
1868,他,这样子,nsubj,male
1869,他,听,nsubj,male
1870,他,理直气壮,nsubj,male
1871,他,笑,assmod,male
1872,他,笑,nsubj,male
1873,男孩,Ｋ,nn,male
1874,他,试,nsubj,male
1875,他们,是,nsubj,male
1876,男生,式,nn,male
1877,爸爸,和,pobj,male
1878,男孩,经过,nsubj,male
1879,她,懂,nsubj,female
1880,他,行,nsubj,male
1881,她们,行,dobj,female
1882,他,捉弄,dobj,male
1883,妈妈,说,nsubj,female
1884,他,般,nsubj,male
1885,妹妹,走路,nsubj,female
1886,妈妈,看,dobj,female
1887,哥哥,就是,dep,male
1888,他,扶,nsubj,male
1889,他,爱,dobj,male
1890,外婆,那里,nn,female
1891,她,向,pobj,female
1892,他,笑话,nn,male
1893,他,去,nsubj,male
1894,妈妈,忙,nsubj,female
1895,妈妈,跟着,pobj,female
1896,他,故乡,assmod,male
1897,爷爷,话,assmod,male
1898,他,笑,nsubj,male
1899,他,是,top,male
1900,女儿,婚礼,nn,female
1901,父亲,是,attr,male
1902,妈妈,照顾,nsubj,female
1903,外公,家,nn,male
1904,他,眼睛,assmod,male
1905,他,眼睛,assmod,male
1906,他们,携,nsubj,male
1907,他,说,nsubj,male
1908,他,嫖妓,nsubj,male
1909,女子,尖叫,nsubj,female
1910,男,孩子,amod,male
1911,伯伯,家,nn,male
1912,伯伯,假装,nsubj,male
1913,她们,叫,dobj,female
1914,她,说,nsubj,female
1915,她,敲,nsubj,female
1916,爷爷,说,nsubj,male
1917,他,拿,nsubj,male
1918,他,在,nsubj,male
1919,她们,看见,dobj,female
1920,她,目睹,nsubj,female
1921,她,挤,nsubj,female
1922,哥哥,样子,nsubj,male
1923,他,与,pobj,male
1924,她,穿着,nsubj,female
1925,他们,有,nsubj,male
1926,她,提,nsubj,female
1927,他,名字,assmod,male
1928,他,活,nsubj,male
1929,她,心底,dep,female
1930,她,迎风,nsubj,female
1931,她,们,assmod,female
1932,他,挪,nsubj,male
1933,女儿,想起,dobj,female
1934,女儿,思念,dobj,female
1935,女儿,在,nsubj,female
1936,他,想,dobj,male
1937,她,带,dobj,female
1938,他,写写信,nsubj,male
1939,爷爷,中饭,nn,male
1940,爷爷,长袍,nn,male
1941,爷爷,手指,assmod,male
1942,女人,身材,nn,female
1943,男子,是,nsubj,male
1944,他,回忆,nsubj,male
1945,她,向,pobj,female
1946,他,自己,dep,male
1947,哥哥,吉姆,nn,male
1948,他,跟,pobj,male
1949,他,坐,nsubj,male
1950,大哥,二哥,nn,male
1951,他们,想,nsubj,male
1952,她,脸,assmod,female
1953,她,撩,dobj,female
1954,他,重复,nsubj,male
1955,他,是,top,male
1956,他们,特色,nn,male
1957,爸爸,姊姊,conj,male
1958,妈妈,姊姊,conj,female
1959,妹妹,陪,dobj,female
1960,先生,说,nsubj,male
1961,他们,困惑,nsubj,male
1962,他们,机器,assmod,male
1963,爷爷,讲,nsubj,male
1964,他,文章,assmod,male
1965,他,寻找,nsubj,male
1966,男生,为数,nsubj,male
1967,他们,同,nsubj,male
1968,他,鸡巴,assmod,male
1969,他们,做鬼脸,nsubj,male
1970,他们,对,pobj,male
1971,他,唱起,nsubj,male
1972,他们,教,dobj,male
1973,她,替,pobj,female
1974,他,们,dep,male
1975,她,们,dep,female
1976,妈妈,没什么,nsubj,female
1977,她,记得,nsubj,female
1978,他,有,nsubj,male
1979,他,质问,dobj,male
1980,他,说,nsubj,male
1981,妹妹,对,pobj,female
1982,她,要,dobj,female
1983,他们,打烊,nsubj,male
1984,他,讲,nsubj,male
1985,他,小,nsubj,male
1986,她,嘲笑,nsubj,female
1987,他,写,nsubj,male
1988,他,动线,nn,male
1989,他,清楚,nsubj,male
1990,男孩,吸引,nsubj,male
1991,他们,之中,lobj,male
1992,男孩,放眼,nsubj,male
1993,他们,安稳,assmod,male
1994,女儿,大,nsubj,female
1995,妈妈,选,nsubj,female
1996,他们,恩,assmod,male
1997,他们,爱,dobj,male
1998,他,鼓起,nsubj,male
1999,他,认识,dobj,male
2000,他,与,pobj,male
2001,她,用心,nsubj,female
2002,他们,注完,nsubj,male
2003,他们,告诉,dobj,male
2004,他们,叫,dobj,male
2005,妈妈,是,nsubj,female
2006,他们,跟,pobj,male
2007,叔叔,像,nsubj,male
2008,他,是,top,male
2009,男,主人,amod,male
2010,他,想,nsubj,male
2011,男孩,面前,lobj,male
2012,他,噌,nsubj,male
2013,他,确信,nsubj,male
2014,他,眼中,nn,male
2015,她,走近,nsubj,female
2016,他,有,nsubj,male
2017,他们,课,assmod,male
2018,他,记得,nsubj,male
2019,他们,发表,nsubj,male
2020,他们,地位,assmod,male
2021,他们,叫作,nsubj,male
2022,他们,姓,nsubj,male
2023,她,喜欢,nsubj,female
2024,她,问,dobj,female
2025,女孩,那里,nn,female
2026,他们,哄笑,nsubj,male
2027,她,话,nn,female
2028,女孩,坐,nsubj,female
2029,她,寻,dobj,female
2030,她,娶回,nsubj,female
2031,他们,处理,nsubj,male
2032,他,迷惑,nsubj,male
2033,他,时代,assmod,male
2034,他们,称呼,nsubj,male
2035,他,是,top,male
2036,他们,亲族,nn,male
2037,他,抱,nsubj,male
2038,他,声,assmod,male
2039,他,突然,nsubj,male
2040,他,搅,nsubj,male
2041,他,压,nsubj,male
2042,他,动弹,nsubj,male
2043,他,邀请,dobj,male
2044,父亲,诊疗室,nn,male
2045,她,补充,nsubj,female
2046,她,圈子,assmod,female
2047,她,认为,nsubj,female
2048,他们,播种,nsubj,male
2049,她,说,nsubj,female
2050,他,跟,pobj,male
2051,他,身后,dep,male
2052,女孩,和,pobj,female
2053,女孩,是,attr,female
2054,她,听,dobj,female
2055,她,有,nsubj,female
2056,他,因势利导,nsubj,male
2057,他们,教,dobj,male
2058,他,因势利导,nsubj,male
2059,他们,一样,nsubj,male
2060,他们,工具,assmod,male
2061,他,了解,nsubj,male
2062,他,父亲,dep,male
2063,父亲,关系,nn,male
2064,他,清楚,nsubj,male
2065,他,父亲,dep,male
2066,父亲,对待,dobj,male
2067,他,想,nsubj,male
2068,父亲,当,nsubj,male
2069,他们,对待,nsubj,male
2070,他,亲切,assmod,male
2071,他,父亲,dep,male
2072,父亲,脱离,top,male
2073,他,地位,assmod,male
2074,他,有着,nsubj,male
2075,他,真实,nsubj,male
2076,他,阿哥,nn,male
2077,男,老师,amod,male
2078,先生,高,top,male
2079,他们,人,nn,male
2080,女孩,拿,nsubj,female
2081,妈妈,们,nn,female
2082,女生,记忆,assmod,female
2083,女生,听命,nsubj,female
2084,伯伯,扛,nsubj,male
2085,他,扛,dobj,male
2086,他们,看,dobj,male
2087,伯伯,喘,nsubj,male
2088,伯伯,站,top,male
2089,他,杀,dobj,male
2090,他们,问,nsubj,male
2091,他们,打算,nsubj,male
2092,妈妈,小,nsubj,female
2093,她,比手画脚,nsubj,female
2094,妈妈,晓得,nsubj,female
2095,她,爸爸,conj,female
2096,爸爸,讲,nsubj,male
2097,她,挂上,nsubj,female
2098,女孩,男孩,conj,female
2099,男孩,事,assmod,male
2100,他,费,nsubj,male
2101,他,译,nsubj,male
2102,女子,名字,nn,female
2103,他们,熟悉,nsubj,male
2104,女子,成,dobj,female
2105,他,手腕,nn,male
2106,他,老兄,nn,male
2107,他,死心,nsubj,male
2108,他们,口中,nn,male
2109,他们,叫,dobj,male
2110,他们,是,top,male
2111,她,做,nsubj,female
2112,他,在,nsubj,male
2113,他,对,dobj,male
2114,他,宣示,nsubj,male
2115,他们,向,pobj,male
2116,她,毕,nsubj,female
2117,男友,婚约,assmod,male
2118,男孩,看待,dobj,male
2119,男人,谈论,nsubj,male
2120,她,面,assmod,female
2121,她,胸脯,nn,female
2122,他,找,dobj,male
2123,他们,更新,nsubj,male
2124,男孩,做,dobj,male
2125,她,说,nsubj,female
2126,她,妹妹,nn,female
2127,妹妹,写信,nsubj,female
2128,她,要,dobj,female
2129,他,老婆,nn,male
2130,爸爸,画,nsubj,male
2131,妈妈,妹妹,conj,female
2132,妹妹,坐,nsubj,female
2133,爷爷,书,assmod,male
2134,他,发觉,nsubj,male
2135,他,让给,nsubj,male
2136,他,自己,dep,male
2137,她们,妹妹,nn,female
2138,弟弟,妹妹,nn,male
2139,妹妹,让,dobj,female
2140,他,懂,nsubj,male
2141,他,成熟,nsubj,male
2142,男孩,幼稚,assmod,male
2143,女,老外,amod,female
2144,他,骂人,nsubj,male
2145,他,坐,dobj,male
2146,他,坐,nsubj,male
2147,叔叔,微醺,nsubj,male
2148,叔叔,唱上,nsubj,male
2149,他,吃完,nsubj,male
2150,阿姨,是,attr,female
2151,叔叔,嫁,dobj,male
2152,他,音乐,assmod,male
2153,她,在,nsubj,female
2154,她们,需要,dobj,female
2155,她们,在,nsubj,female
2156,她,在,nsubj,female
2157,她,过敏,nsubj,female
2158,她,感觉,nsubj,female
2159,母亲,替,pobj,female
2160,他,翻箱倒柜,xsubj,male
2161,他,探险,assmod,male
2162,女孩,让,nsubj,female
2163,他,是,top,male
2164,他,谈论,nsubj,male
2165,他,写,nsubj,male
2166,他,尽,nsubj,male
2167,他,君君,assmod,male
2168,祖父,过往,nsubj,male
2169,妈妈,指,top,female
2170,她,爸爸,conj,female
2171,爸爸,婚姻,assmod,male
2172,妈妈,说,nsubj,female
2173,她,有,top,female
2174,爸爸,忙,nsubj,male
2175,外婆,去,nsubj,female
2176,外婆,替,pobj,female
2177,外婆,有,nsubj,female
2178,她,去,nsubj,female
2179,女生,多,nsubj,female
2180,他,试图,nsubj,male
2181,他,婉谢,dobj,male
2182,女人,事,assmod,female
2183,爷爷,应,nsubj,male
2184,先生,先生,conj,male
2185,先生,邀,assmod,male
2186,她们,一模一样,nsubj,female
2187,她们,瞄,dobj,female
2188,他,偏偏头,nsubj,male
2189,他,紧握,nsubj,male
2190,外公,相簿,assmod,male
2191,外公,上,nsubj,male
2192,她,想起,dobj,female
2193,他,身影,assmod,male
2194,他,走,top,male
2195,她,陪,dobj,female
2196,她,问,nsubj,female
2197,妈妈,家,nn,female
2198,儿子,初中,nsubj,male
2199,他,家,nn,male
2200,他,要,dobj,male
2201,儿子,念,nsubj,male
2202,他,想,nsubj,male
2203,儿子,隐瞒,nsubj,male
2204,他,念,nsubj,male
2205,女性,发情,nsubj,female
2206,爸爸,犹疑,nsubj,male
2207,女孩,进进出出,nsubj,female
2208,她们,头发,assmod,female
2209,她们,是,nsubj,female
2210,他,回信,nn,male
2211,她,说,nsubj,female
2212,他,在,nsubj,male
2213,妈妈,让,nsubj,female
2214,她,信心,nn,female
2215,他,唱,nsubj,male
2216,他,同胞,assmod,male
2217,她,穿,nsubj,female
2218,她们,神色,nn,female
2219,他,羊群,nn,male
2220,他,贡物,assmod,male
2221,他们,给,pobj,male
2222,他,献给,nsubj,male
2223,他,看成,nsubj,male
2224,他,住,top,male
2225,他,监视,dobj,male
2226,他,缴,nsubj,male
2227,他,抛向,nsubj,male
2228,他,昂扬,nsubj,male
2229,他,认为,nsubj,male
2230,他,找到,nsubj,male
2231,他,供,dobj,male
2232,女人,是,attr,female
2233,男子,老头,conj,male
2234,妈妈,事,assmod,female
2235,爸爸,让,dobj,male
2236,他,载,nsubj,male
2237,他,载,nsubj,male
2238,他,让,nsubj,male
2239,她,让,dobj,female
2240,她们,头发,assmod,female
2241,他,记得,nsubj,male
2242,他,熟悉,nsubj,male
2243,他,话,assmod,male
2244,他,吃惊,nsubj,male
2245,他,演练,nsubj,male
2246,他们,没有,nsubj,male
2247,她,叫,nsubj,female
2248,他,动念,nsubj,male
2249,他,说服,dobj,male
2250,他,沉下,nsubj,male
2251,他,与,pobj,male
2252,他,老,dobj,male
2253,他,有,top,male
2254,他,死,nsubj,male
2255,男孩,说话,nsubj,male
2256,他,想起,dobj,male
2257,他,介绍,nsubj,male
2258,她,嗅,dobj,female
2259,男人,鞋,assmod,male
2260,他,送给,dobj,male
2261,他,君君,conj,male
2262,他,趿,nsubj,male
2263,女士,着,nsubj,female
2264,先生,家传,nn,male
2265,先生,好,nsubj,male
2266,爷爷,讲,nsubj,male
2267,他,与,pobj,male
2268,他们,见,dobj,male
2269,男孩,是,attr,male
2270,他,吃票,assmod,male
2271,女孩,大,nsubj,female
2272,妹妹,让,dobj,female
2273,他,豁达,nsubj,male
2274,她,告诉,nsubj,female
2275,她,给,pobj,female
2276,他,无,nsubj,male
2277,妹妹,忙,nsubj,female
2278,爸爸,妈妈,nn,male
2279,妈妈,记得,nsubj,female
2280,他们,谈,nsubj,male
2281,他们,离去,nsubj,male
2282,舅妈,是,top,female
2283,爷爷,讲,nsubj,male
2284,他,识,nsubj,male
2285,他,介绍,dobj,male
2286,他,是,top,male
2287,先生,儿子,assmod,male
2288,儿子,是,attr,male
2289,先生,感激,dobj,male
2290,他们,分给,dobj,male
2291,他,敬,dobj,male
2292,他,臂膀,assmod,male
2293,他,唤,dobj,male
2294,他,做,nsubj,male
2295,他,知,nsubj,male
2296,女儿,与,pobj,female
2297,她,给,nsubj,female
2298,他,同学,assmod,male
2299,他,讲到,nsubj,male
2300,他,神采飞扬,nsubj,male
2301,他,问,dobj,male
2302,她们,人,nn,female
2303,女,丫头,amod,female
2304,她,相信,nsubj,female
2305,男孩,是,attr,male
2306,先生,来,nsubj,male
2307,他,北上,nsubj,male
2308,他,书,assmod,male
2309,他,吃票,nsubj,male
2310,他们,叫,dobj,male
2311,他,由,pobj,male
2312,男友,带,nsubj,male
2313,他们,爱,nsubj,male
2314,妈妈,信心,assmod,female
2315,她,背,nsubj,female
2316,她,说,nsubj,female
2317,男生,朋友,nn,male
2318,她,叫,dobj,female
2319,她,叫,dobj,female
2320,她,闹,dobj,female
2321,她,说,nsubj,female
2322,他,悼念,dobj,male
2323,她,喜欢,top,female
2324,他,跟,pobj,male
2325,爷爷,想,dobj,male
2326,他,接续,nsubj,male
2327,母亲,歌,conj,female
2328,他,看到,nsubj,male
2329,他,看,nsubj,male
2330,他们,讲给,dobj,male
2331,他,读,nsubj,male
2332,母亲,读,dobj,female
2333,他们,给,dobj,male
2334,哥哥,挑,nsubj,male
2335,他,令,dobj,male
2336,他,令,dobj,male
2337,母亲,们,nn,female
2338,妈妈,怀里,nn,female
2339,妈妈,想,dobj,female
2340,她,记事本,nn,female
2341,她,讲到,nsubj,female
2342,她,想到,nsubj,female
2343,爸爸,做,nsubj,male
2344,她,热爱,top,female
2345,她,父亲,assmod,female
2346,父亲,崇拜,dobj,male
2347,她,说,nsubj,female
2348,爸爸,职业,assmod,male
2349,男生,看,dobj,male
2350,他们,内衣裤,assmod,male
2351,男人,女人,dep,male
2352,女人,推,nsubj,female
2353,他,晃,nsubj,male
2354,女孩,来,nsubj,female
2355,爸爸,告诉,nsubj,male
2356,他,无情,nsubj,male
2357,爸爸,待,nsubj,male
2358,爸爸,妈妈,nn,male
2359,妈妈,批判,dobj,female
2360,他们,冲犯,dobj,male
2361,他们,伤心,nsubj,male
2362,她,凝,nsubj,female
2363,她,自己,dep,female
2364,男孩,告诉,nsubj,male
2365,他,在,nsubj,male
2366,他,爱,nsubj,male
2367,他,听,nsubj,male
2368,她,放心,nsubj,female
2369,她,让,dobj,female
2370,女儿,打开,nsubj,female
2371,他,号啕大哭,nsubj,male
2372,她,结交,nsubj,female
2373,他,生产力,assmod,male
2374,他们,信任,nn,male
2375,他,用功,nsubj,male
2376,他,是,nsubj,male
2377,女友,委托,dobj,female
2378,妈妈,像,pobj,female
2379,她们,是,top,female
2380,伯伯,！,root,male
2381,男孩,和,pobj,male
2382,男孩,女孩,nn,male
2383,女孩,发现,dobj,female
2384,男孩,服役,nsubj,male
2385,女孩,们,nn,female
2386,先生,拿起,nsubj,male
2387,先生,说,nsubj,male
2388,妈妈,高兴,nsubj,female
2389,外婆,说,nsubj,female
2390,外婆,家,nn,female
2391,妈妈,抱,nsubj,female
2392,她,偏,nsubj,female
2393,他们,人,nn,male
2394,她,自己,dep,female
2395,她,是,top,female
2396,她,没有,nsubj,female
2397,他,使,dobj,male
2398,他,监控,dobj,male
2399,她们,这,dep,female
2400,她们,出生,nsubj,female
2401,她们,来说,lobj,female
2402,她们,比,pobj,female
2403,爸爸,笑,nsubj,male
2404,他们,以为,nsubj,male
2405,女孩,像,pobj,female
2406,她,哭,nsubj,female
2407,她,眼泪,assmod,female
2408,爸爸,过程,assmod,male
2409,小姐,满意,dobj,female
2410,她,穿,nsubj,female
2411,女,职员,amod,female
2412,她,娶,dobj,female
2413,他,为,top,male
2414,他,荒诞,nsubj,male
2415,他,由,pobj,male
2416,她,有着,top,female
2417,她,有得,nsubj,female
2418,他,像,nsubj,male
2419,男孩,感,assmod,male
2420,女儿,尾随,nsubj,female
2421,女儿,告诉,dobj,female
2422,他,玩伴,nn,male
2423,他,要,dobj,male
2424,女儿,惊讶,nsubj,female
2425,她,脸,nn,female
2426,她,来,nsubj,female
2427,她,捡,nsubj,female
2428,妈妈,看到,nsubj,female
2429,他,叫出,dobj,male
2430,他,对象,nn,male
2431,他,妻子,nn,male
2432,男孩,女孩,nn,male
2433,女孩,嘻笑,nsubj,female
2434,他,爱,dobj,male
2435,他,好,top,male
2436,爷爷,看,dobj,male
2437,他,专,nsubj,male
2438,他们,有,top,male
2439,他,先,dobj,male
2440,他,使得,dobj,male
2441,他,抚慰,dobj,male
2442,他,眼睛,assmod,male
2443,伯伯,说是,nsubj,male
2444,妈妈,做,nsubj,female
2445,他们,来,nsubj,male
2446,阿姨,骑,nsubj,female
2447,伯伯,骑,nsubj,male
2448,她,牺牲,assmod,female
2449,她,接纳,dobj,female
2450,她,决定,nsubj,female
2451,她,阻止,dobj,female
2452,女儿,做,nsubj,female
2453,他,拥有,nsubj,male
2454,他,女伴,conj,male
2455,他,女伴,assmod,male
2456,他,索,nsubj,male
2457,他们,向,pobj,male
2458,他们,认出,nsubj,male
2459,她们,拉,dobj,female
2460,她们,是,top,female
2461,他,忘记,nsubj,male
2462,他,是,top,male
2463,他,爱,nsubj,male
2464,男生,是,attr,male
2465,她,合租,nsubj,female
2466,他们,上,nsubj,male
2467,先生,们,nn,male
2468,她,是,top,female
2469,男孩,在,nsubj,male
2470,他,温暖,nsubj,male
2471,女人,变成,dobj,female
2472,他,是,top,male
2473,她,有,nsubj,female
2474,她,上班,nsubj,female
2475,她,有,top,female
2476,她,脸,assmod,female
2477,她,感觉,nsubj,female
2478,她,抬头,nsubj,female
2479,她们,跑光,nsubj,female
2480,她,感觉,nsubj,female
2481,父亲,汗衫,nn,male
2482,她,弃,nsubj,female
2483,她,走近,dobj,female
2484,她,被,nsubjpass,female
2485,他,眼睛,nn,male
2486,女儿,爱,nsubj,female
2487,他,宣称,nsubj,male
2488,他,演讲,nsubj,male
2489,他们,见,nsubj,male
2490,他们,唱,nsubj,male
2491,他,教,nsubj,male
2492,他,看看,dobj,male
2493,他,坐,nsubj,male
2494,妈妈,继续,nsubj,female
2495,她,话,assmod,female
2496,女孩,宿舍,assmod,female
2497,她们,有一天,dobj,female
2498,她们,离开,dobj,female
2499,他,说,nsubj,male
2500,妹妹,说,nsubj,female
2501,她,觉得,nsubj,female
2502,她,自己,dep,female
2503,她,姊,assmod,female
2504,爷爷,掏,nsubj,male
2505,他,命令,nsubj,male
2506,他们,口袋,nn,male
2507,外公,面前,lobj,male
2508,舅妈,媳妇,nn,female
2509,她,媳妇,assmod,female
2510,他,问,dobj,male
2511,她,是,nsubj,female
2512,他,正在,nsubj,male
2513,她,陪,nsubj,female
2514,她,读,nsubj,female
2515,她,一样,nsubj,female
2516,她,是,top,female
2517,她,到,nsubj,female
2518,爸爸,跟,pobj,male
2519,他,告诉,dobj,male
2520,他,告诉,nsubj,male
2521,男孩,朋友,nn,male
2522,她,期待,nsubj,female
2523,他们,识,nsubj,male
2524,他们,是,top,male
2525,他,有,top,male
2526,他们,乡音,assmod,male
2527,他们,屋,assmod,male
2528,他,替,pobj,male
2529,他,送,nsubj,male
2530,他,教,nsubj,male
2531,男孩,女孩,nn,male
2532,女孩,轻笑,nsubj,female
2533,女孩,喜欢,top,female
2534,男孩,喜欢,dobj,male
2535,他,像,pobj,male
2536,她,嘴唇,nn,female
2537,她,头发,nn,female
2538,他们,想象,nsubj,male
2539,女孩,想起,nsubj,female
2540,男人,想象,dobj,male
2541,她们,基于,top,female
2542,他们,想,dobj,male
2543,她,颊上,nn,female
2544,她,怎么,nsubj,female
2545,她,捂,nsubj,female
2546,他,有意思,nsubj,male
2547,爷爷,说,nsubj,male
2548,妹妹,赶来,nsubj,female
2549,男,主角,amod,male
2550,她,大胆,assmod,female
2551,他们,玩乐,nn,male
2552,他们,应,nsubj,male
2553,他,试,nsubj,male
2554,女孩,是,nsubj,female
2555,男孩,看,dep,male
2556,母亲,讲,nsubj,female
2557,他,给,pobj,male
2558,他,怕,nsubj,male
2559,女,与,pobj,female
2560,他,用,top,male
2561,他们,得了,nsubj,male
2562,爷爷,话,assmod,male
2563,她,没什么,nsubj,female
2564,先生,笑,nsubj,male
2565,他,妻,assmod,male
2566,他,妻,conj,male
2567,她,插,nsubj,female
2568,她,照,pobj,female
2569,女孩,是,nsubj,female
2570,她,由着,dobj,female
2571,她,凶,dobj,female
2572,他,说,nsubj,male
2573,她,对,pobj,female
2574,她,甘心,nsubj,female
2575,男,同事,amod,male
2576,他,回信,nsubj,male
2577,他,问,nsubj,male
2578,他,朋友,assmod,male
2579,女孩,问,nsubj,female
2580,女孩,是,attr,female
2581,爸爸,妈妈,nn,male
2582,妈妈,信任,nsubj,female
2583,他,问,dobj,male
2584,他,消息,nn,male
2585,他,回来,nsubj,male
2586,妈妈,看看,dobj,female
2587,男孩,由,pobj,male
2588,他,想尽,nsubj,male
2589,他,来自,nsubj,male
2590,她,有,dobj,female
2591,女性,衬扮,nsubj,female
2592,妈妈,掩,nsubj,female
2593,他,属于,dobj,male
2594,他,沉,nsubj,male
2595,她们,留,nsubj,female
2596,她,说,nsubj,female
2597,他们,使,dobj,male
2598,他们,带,dobj,male
2599,他们,帮,dobj,male
2600,他们,属意,nsubj,male
2601,她,使,dobj,female
2602,她,书,nn,female
2603,男孩,走来,nsubj,male
2604,小姐,人,nn,female
2605,外婆,当着,nsubj,female
2606,他们,女人,assmod,male
2607,女人,好多,nsubj,female
2608,他,引得,dobj,male
2609,她,肩上,assmod,female
2610,女孩,是,attr,female
2611,他,质问,dobj,male
2612,父亲,待,nsubj,male
2613,他,竭尽,nsubj,male
2614,妈妈,比赛,assmod,female
2615,妹妹,和,pobj,female
2616,她,带,nsubj,female
2617,他,断定,nsubj,male
2618,他,转去,nsubj,male
2619,他,居,nsubj,male
2620,他,去,nsubj,male
2621,他,提醒,dobj,male
2622,他,停留,nsubj,male
2623,儿子,处,nn,male
2624,爸爸,儿子,prnmod,male
2625,伯伯,扛,nsubj,male
2626,她们,没有,nsubj,female
2627,她,任,dobj,female
2628,男子,告诉,nsubj,male
2629,她,十八岁,assmod,female
2630,先生,姓,nsubj,male
2631,他们,远行,nsubj,male
2632,外公,外婆,nn,male
2633,外婆,牵,nsubj,female
2634,外公,指,nsubj,male
2635,外婆,感叹,nsubj,female
2636,外公,向,pobj,male
2637,外婆,怀抱,nsubj,female
2638,外公,怕,dobj,male
2639,他,所属,nsubj,male
2640,他,想到,nsubj,male
2641,外公,家,nn,male
2642,外公,阿姨,conj,male
2643,阿姨,整理,nsubj,female
2644,她,替,pobj,female
2645,女孩,到,dobj,female
2646,他,是,top,male
2647,他们,恋情,assmod,male
2648,他,女伴,assmod,male
2649,他,女伴,assmod,male
2650,他,补强,dobj,male
2651,她,远,nsubj,female
2652,她,是,top,female
2653,女孩,是,attr,female
2654,她,是,top,female
2655,她,跟,pobj,female
2656,他,阿爷,nn,male
2657,他们,变得,nsubj,male
2658,男,孩子,amod,male
2659,女生,租给,dobj,female
2660,女儿,是,attr,female
2661,他,严,assmod,male
2662,他,相貌,assmod,male
2663,妹妹,陪,nsubj,female
2664,他,投入,nsubj,male
2665,他,摸,nsubj,male
2666,他,脸红,nsubj,male
2667,妹妹,说,nsubj,female
2668,她,老实,nsubj,female
2669,先生,想到,nsubj,male
2670,他,叫,nsubj,male
2671,他,说,nsubj,male
2672,爸爸,妈妈,nn,male
2673,妈妈,为,pobj,female
2674,他们,区分,nsubj,male
2675,她,吵醒,xsubj,female
2676,他们,吵醒,dobj,male
2677,她,买,nsubj,female
2678,她,分辨,dobj,female
2679,爷爷,说,nsubj,male
2680,他们,歌声,nn,male
2681,女子,帅哥,conj,female
2682,妈妈,说,nsubj,female
2683,妈妈,剁,nsubj,female
2684,妈妈,带,nsubj,female
2685,伯伯,袍子,nn,male
2686,她,肚子,assmod,female
2687,她,好看,nsubj,female
2688,她,站,nsubj,female
2689,她,站,top,female
2690,他,要,dobj,male
2691,他们,看来,lobj,male
2692,他们,想,nsubj,male
2693,她,凶,dobj,female
2694,她,气,nsubj,female
2695,小姐,央,dobj,female
2696,她,躺,nsubj,female
2697,她,度假,nsubj,female
2698,他们,望,nsubj,male
2699,他们,缴交,nsubj,male
2700,他们,卖给,dobj,male
2701,女儿,问,nsubj,female
2702,叔叔,家,nn,male
2703,叔叔,阿姨,nn,male
2704,阿姨,少聪,conj,female
2705,叔叔,阿姨,nn,male
2706,阿姨,少聪,conj,female
2707,她,和,pobj,female
2708,她,扮演,nsubj,female
2709,儿子,生,dobj,male
2710,她,学校,nn,female
2711,她,嫁人,nsubj,female
2712,他们,受到,nsubj,male
2713,他,问,dobj,male
2714,他们,讨钱,nsubj,male
2715,他,跟,pobj,male
2716,爷爷,话,assmod,male
2717,男孩,听到,dobj,male
2718,他,瞧不起,dobj,male
2719,他,目光短浅,assmod,male
2720,她,替,pobj,female
2721,他们,搬到,nsubj,male
2722,女孩,考虑,nsubj,female
2723,他,安慰,nsubj,male
2724,他,得了,nsubj,male
2725,男孩,笑,nsubj,male
2726,妈妈,回来,nsubj,female
2727,伯伯,告诉,dobj,male
2728,伯伯,看,dobj,male
2729,他,有,nsubj,male
2730,她,送给,dobj,female
2731,男,猫,amod,male
2732,他,告解,nsubj,male
2733,她,当作,nsubj,female
2734,他,叫,nsubj,male
2735,外公,年纪,nn,male
2736,爸爸,妹妹,conj,male
2737,妹妹,去,nsubj,female
2738,妈妈,是,top,female
2739,她,人,nn,female
2740,他,伏,nsubj,male
2741,他,感叹,nsubj,male
2742,她,看,dobj,female
2743,她,凌,conj,female
2744,她,生日,nsubj,female
2745,父亲,送给,nsubj,male
2746,她,送给,dobj,female
2747,她,父亲,assmod,female
2748,父亲,说,nsubj,male
2749,妈妈,告诉,dobj,female
2750,她,佐以,nsubj,female
2751,她,翻,nsubj,female
2752,她,给,dobj,female
2753,他,推销,top,male
2754,他,旅馆,assmod,male
2755,他们,看到,dobj,male
2756,他,懂,nsubj,male
2757,他,下令,nsubj,male
2758,他们,是,top,male
2759,父亲,是,top,male
2760,她,主张,assmod,female
2761,她,考虑,nsubj,female
2762,她,去,nsubj,female
2763,她,约,nsubj,female
2764,她,工作,nn,female
2765,女孩,小鸟,nn,female
2766,爷爷,书,assmod,male
2767,爷爷,人,assmod,male
2768,他,寄,nsubj,male
2769,他,采用,nsubj,male
2770,他,想象,nsubj,male
2771,他,提醒,nsubj,male
2772,他们,生活方式,assmod,male
2773,女孩,进来,dobj,female
2774,她,问,nsubj,female
2775,她,认识,nsubj,female
2776,他们,团契,nn,male
2777,他,要,nsubj,male
2778,男生,住,dobj,male
2779,她,给,pobj,female
2780,她,喜欢,nsubj,female
2781,他们,问,nsubj,male
2782,他们,妻子,assmod,male
2783,她,托,dobj,female
2784,她,寄到,nsubj,female
2785,女生,没,top,female
2786,他们,认识,nsubj,male
2787,他们,让,dobj,male
2788,他们,面对,nsubj,male
2789,他们,处理,nsubj,male
2790,他们,认为,nsubj,male
2791,他,模样,nn,male
2792,他,怪,dobj,male
2793,他们,与,pobj,male
2794,他,入睡,nsubj,male
2795,他们,念,nsubj,male
2796,他,是,nsubj,male
2797,他们,贷,nsubj,male
2798,他们,予,pobj,male
2799,女友,结婚,nsubj,female
2800,他,与,pobj,male
2801,她,发音,nsubj,female
2802,哥哥,瘦,dep,male
2803,他,谏,nsubj,male
2804,他,恤,nsubj,male
2805,他,为,nsubj,male
2806,他,电影,assmod,male
2807,男,孩子,amod,male
2808,她,测验,nn,female
2809,她,生疏,nsubj,female
2810,她,碰到,nsubj,female
2811,她,怪罪,dobj,female
2812,他们,称,dobj,male
2813,男,店员,amod,male
2814,男,管家,amod,male
2815,女,像,nsubj,female
2816,女,主管,amod,female
2817,小姐,为,pobj,female
2818,她,告诉,dobj,female
2819,先生,照说,nsubj,male
2820,他,圆环,assmod,male
2821,她,让,nsubj,female
2822,他们,理解,nsubj,male
2823,她,喜欢,nsubj,female
2824,男孩,大叫,nsubj,male
2825,她,家,dep,female
2826,她,手,assmod,female
2827,她,想,nsubj,female
2828,妈妈,想,dobj,female
2829,女孩,宠爱,dobj,female
2830,他们,奏,nsubj,male
2831,妈妈,送,dobj,female
2832,他,家,nn,male
2833,他,帮,dobj,male
2834,她,是,top,female
2835,她,护卫,dobj,female
2836,他们,与,pobj,male
2837,他,死,nsubj,male
2838,他们,之中,lobj,male
2839,他,出头,nsubj,male
2840,儿子,遗,dobj,male
2841,他,一样,nsubj,male
2842,他们,跟,pobj,male
2843,妈妈,被子,nn,female
2844,他,给,dobj,male
2845,女孩,时候,assmod,female
2846,爸爸,教,nsubj,male
2847,弟弟,像,pobj,male
2848,她,家,nn,female
2849,她们,家,nn,female
2850,他,问,dobj,male
2851,她,跟,pobj,female
2852,先生,模糊,top,male
2853,女孩,对,pobj,female
2854,他,写,nsubj,male
2855,他们,人模人样,nsubj,male
2856,他们,想,dobj,male
2857,他们,拱,nsubj,male
2858,她,气,nsubj,female
2859,妈妈,知道,nsubj,female
2860,她,吃力,nsubj,female
2861,她,与,pobj,female
2862,他,发现,nsubj,male
2863,他,意思,assmod,male
2864,他,记得,nsubj,male
2865,他,告诉,dobj,male
2866,他,发,nsubj,male
2867,他,愿意,nsubj,male
2868,他,看,nsubj,male
2869,爸爸,说,nsubj,male
2870,他们,老朋友,nn,male
2871,哥哥,叫,dobj,male
2872,他,带,nsubj,male
2873,他,漏接,nsubj,male
2874,他,是,nsubj,male
2875,先生,口才,assmod,male
2876,她,言,nsubj,female
2877,女孩,害,dobj,female
2878,他,可爱,nsubj,male
2879,他,递给,nsubj,male
2880,外公,家,nn,male
2881,他们,给,pobj,male
2882,她,袒露,nsubj,female
2883,她,吃惊,nsubj,female
2884,她们,邀约,assmod,female
2885,她们,水平,nn,female
2886,他,模样,assmod,male
2887,他,看,dobj,male
2888,他,看,dobj,male
2889,她们,做,nsubj,female
2890,她,吃惊,nsubj,female
2891,她,和,pobj,female
2892,她,编,nsubj,female
2893,她,仍然,nsubj,female
2894,她,陪,dobj,female
2895,她,害怕,nsubj,female
2896,她,女孩,nn,female
2897,女孩,来说,lobj,female
2898,外公,家,nn,male
2899,他,帮忙,nsubj,male
2900,他,出差池,nsubj,male
2901,她,是,top,female
2902,她,撩,dobj,female
2903,她,说,nsubj,female
2904,她,意思,assmod,female
2905,她,说,nsubj,female
2906,她,自由,nsubj,female
2907,她,花,nsubj,female
2908,她,浇水,nsubj,female
2909,他,牺牲,nsubj,male
2910,他,支持,dobj,male
2911,男孩,找,dobj,male
2912,他们,深信不疑,nsubj,male
2913,他们,称呼,dobj,male
2914,女人,送给,dobj,female
2915,她,交给,dobj,female
2916,女孩,建议,nsubj,female
2917,女,同业,amod,female
2918,女子,隐居,nsubj,female
2919,她,实力,assmod,female
2920,她,让,dobj,female
2921,妈妈,跟,pobj,female
2922,爷爷,住,nsubj,male
2923,她,画,nsubj,female
2924,她,问,dobj,female
2925,她,吹起,nsubj,female
2926,她,跟着,pobj,female
2927,她们,做到,top,female
2928,他,屋里的,nn,male
2929,他,拍,nsubj,male
2930,他,跪下去,nsubj,male
2931,她,腿,nn,female
2932,他,听罢,nsubj,male
2933,他,代,dobj,male
2934,他,采撷,nsubj,male
2935,她,想,nsubj,female
2936,他,想到,dobj,male
2937,祖父,加上,nsubj,male
2938,祖母,祖父,prnmod,female
2939,外公,岁数,assmod,male
2940,外婆,外公,prnmod,female
2941,他,老婆,nn,male
2942,他们,打算,nsubj,male
2943,妈妈,们,nn,female
2944,他们,送,dobj,male
2945,他,给,dobj,male
2946,她,剁,nsubj,female
2947,他们,厌世,nsubj,male
2948,他们,吸引,nsubj,male
2949,他们,有些,nsubj,male
2950,他们,肯定,nsubj,male
2951,他们,标榜,nsubj,male
2952,男孩,找,dobj,male
2953,她,认识,nsubj,female
2954,男,孩子,amod,male
2955,他们,笃定,assmod,male
2956,她,们,assmod,female
2957,她,熟悉,nsubj,female
2958,她,希望,nsubj,female
2959,他,笑,nsubj,male
2960,她,觉得,nsubj,female
2961,妈妈,陪,nsubj,female
2962,爸爸,小说,assmod,male
2963,爸爸,写到,nsubj,male
2964,他,敬,dobj,male
2965,他,教会,nsubj,male
2966,他,荒唐,nsubj,male
2967,她,心,assmod,female
2968,她,人,assmod,female
2969,爸爸,问,dobj,male
2970,爸爸,说,nsubj,male
2971,爸爸,引,nsubj,male
2972,爷爷,话,assmod,male
2973,女孩,是,attr,female
2974,爷爷,说,nsubj,male
2975,男,孩子,amod,male
2976,她,咖啡,assmod,female
2977,她,告诉,nsubj,female
2978,她,载,dobj,female
2979,他,感觉,nn,male
2980,他,坐上,nsubj,male
2981,他,条理,nsubj,male
2982,男孩,及于,dobj,male
2983,他,教,nsubj,male
2984,女孩,展示,nsubj,female
2985,爷爷,送,dobj,male
2986,爷爷,走,nsubj,male
2987,女生,迎面,dobj,female
2988,她们,之中,lobj,female
2989,她,问,nsubj,female
2990,妹妹,笑,nsubj,female
2991,她,让,dobj,female
2992,他,试,nsubj,male
2993,他们,拦路,nsubj,male
2994,他,喜爱,nsubj,male
2995,女儿,动线,assmod,female
2996,他,种,dobj,male
2997,堂哥,家,nn,male
2998,他们,一样,nsubj,male
2999,父亲,像,pobj,male
3000,他们,认出,nsubj,male
3001,她,腆,nsubj,female
3002,他,问,dobj,male
3003,他,与,pobj,male
3004,妈妈,口,nn,female
3005,妹妹,在,pobj,female
3006,她,来,nsubj,female
3007,她,聪明,nsubj,female
3008,她,拿,nsubj,female
3009,她,当做,nsubj,female
3010,妈妈,当做,dobj,female
3011,她,当,nsubj,female
3012,她,一样,xsubj,female
3013,她,头发,assmod,female
3014,她,有,top,female
3015,女人,选购,dobj,female
3016,她,头顶,dep,female
3017,她,浓发,assmod,female
3018,她,身上,dep,female
3019,她,替,pobj,female
3020,她,自己,dep,female
3021,她,想念,dobj,female
3022,他,去,nsubj,male
3023,她,强过,dobj,female
3024,她,和,pobj,female
3025,她,恨,dobj,female
3026,她,名字,assmod,female
3027,她,话,assmod,female
3028,她,一颦一笑,assmod,female
3029,女孩,做,dobj,female
3030,他们,要,nsubj,male
3031,他,勾践,top,male
3032,哥哥,借,nsubj,male
3033,她,聊,nsubj,female
3034,她,砍,dobj,female
3035,他们,头上,dep,male
3036,他们,与,pobj,male
3037,她,焰,nn,female
3038,她,打算,nsubj,female
3039,她,传给,dobj,female
3040,她,以为,nsubj,female
3041,她,待,nsubj,female
3042,女孩,对,pobj,female
3043,爸爸,扛,nsubj,male
3044,女儿,讨,nsubj,female
3045,她,寄,nsubj,female
3046,女儿,上,nsubj,female
3047,她,捐,dobj,female
3048,她,说,nsubj,female
3049,先生,是,top,male
3050,他,宗旨,assmod,male
3051,他们,消费,nn,male
3052,他,家里,dep,male
3053,女儿,摘,nsubj,female
3054,女儿,走,nsubj,female
3055,外婆,由,nsubj,female
3056,她,由,nsubj,female
3057,她,和,pobj,female
3058,他,阿姨,conj,male
3059,阿姨,搬进,nsubj,female
3060,他们,家,nn,male
3061,儿子,酒,nn,male
3062,他,花心,nsubj,male
3063,他们,去,nsubj,male
3064,他们,增加,nsubj,male
3065,他,帮,dobj,male
3066,他,香艷,nsubj,male
3067,他,发现,nsubjpass,male
3068,他,眼睛,nsubj,male
3069,她,跟,pobj,female
3070,她,叫,nsubj,female
3071,他们,轻忽,nsubj,male
3072,他们,做,nsubj,male
3073,他,决定,nsubj,male
3074,妈妈,是,nsubj,female
3075,他们,村子,nn,male
3076,他,协助,nsubj,male
3077,爷爷,给,dobj,male
3078,他,在,nsubj,male
3079,他,说法,assmod,male
3080,她,乔治史谷特,conj,female
3081,她,喜欢,dobj,female
3082,她,美,nsubj,female
3083,妹妹,同伴,conj,female
3084,妹妹,呵斥,dobj,female
3085,他们,护持,nsubj,male
3086,她,后头,dep,female
3087,她,情况,nn,female
3088,妈妈,童年,assmod,female
3089,她,们,assmod,female
3090,他,是,nsubj,male
3091,他,有,nsubj,male
3092,男友,心爱,dobj,male
3093,爸爸,和,pobj,male
3094,妈妈,讲,nsubj,female
3095,她,指,nsubj,female
3096,他,相信,nsubj,male
3097,女孩,想起,dobj,female
3098,她,发,nn,female
3099,他,哄,dobj,male
3100,他,提出,nsubj,male
3101,他,让,dobj,male
3102,他,神采飞扬,nsubj,male
3103,他,觉得,nsubj,male
3104,他,揉,nsubj,male
3105,她,漂亮,nsubj,female
3106,她,丑,nsubj,female
3107,女孩,是,attr,female
3108,他,卖给,dobj,male
3109,他,向,pobj,male
3110,他,保持,nsubj,male
3111,爷爷,说,nsubj,male
3112,他,砍去,nsubj,male
3113,男友,告诉,nsubj,male
3114,他,等候,nsubj,male
3115,他,向,pobj,male
3116,他,穿,nsubj,male
3117,他,安慰,dobj,male
3118,男人,女孩,conj,male
3119,女孩,到,nsubj,female
3120,爷爷,回,nsubj,male
3121,弟弟,妹妹,nn,male
3122,妹妹,告一段落,nsubj,female
3123,他,是,top,male
3124,他们,脑子,dep,male
3125,他们,充满,nsubj,male
3126,他们,解放,nsubj,male
3127,她,棍子,assmod,female
3128,外婆,大家,nn,female
3129,他,发出,nsubj,male
3130,他,想,nsubj,male
3131,妈妈,与,pobj,female
3132,他们,批评,dobj,male
3133,父亲,做,dobj,male
3134,她,闻,nsubj,female
3135,他们,专注,nsubj,male
3136,妈妈,摔下,nsubj,female
3137,爸爸,找,dobj,male
3138,女,同业,amod,female
3139,他们,送,dobj,male
3140,男子,决斗,nsubj,male
3141,他们,情人,assmod,male
3142,男子,决斗,nsubj,male
3143,她,像,pobj,female
3144,女,立委,amod,female
3145,她,拥有,nsubj,female
3146,她,爱,nsubj,female
3147,她,爱,nsubj,female
3148,她,想,nsubj,female
3149,爷爷,向,pobj,male
3150,爷爷,长袍,assmod,male
3151,他,寻,dobj,male
3152,他,讲课,nsubj,male
3153,他,口,dep,male
3154,她,认识,dobj,female
3155,她,忙,nsubj,female
3156,爸爸,忙,nsubj,male
3157,妈妈,忙,nsubj,female
3158,她,有,top,female
3159,他,怪,dobj,male
3160,他,比,pobj,male
3161,女友,想,dobj,female
3162,外婆,唤,nsubj,female
3163,爸爸,妈妈,nn,male
3164,妈妈,没有,dobj,female
3165,他们,没有,nsubj,male
3166,他们,发起,nsubj,male
3167,他们,跟,pobj,male
3168,他们,种植,nsubj,male
3169,她们,找,nsubj,female
3170,她,称,dobj,female
3171,她,电话,nn,female
3172,她,本人,dep,female
3173,外公,家,nn,male
3174,妈妈,指派,dobj,female
3175,他,握,nsubj,male
3176,妈妈,爱,nsubj,female
3177,她,心愿,assmod,female
3178,他,说,nsubj,male
3179,他,认为,top,male
3180,他,让,dobj,male
3181,先生,说,nsubj,male
3182,他,听,dobj,male
3183,她,盆景,assmod,female
3184,她,逗,dobj,female
3185,男人,居住,dep,male
3186,他,数字,nn,male
3187,他,招呼,nsubj,male
3188,他,刷牙,nsubj,male
3189,他,憎恶,nsubj,male
3190,他,花,nsubj,male
3191,他们,打扮,nn,male
3192,男,拿,nsubj,male
3193,她,死亡,assmod,female
3194,她,不在,assmod,female
3195,他们,团员,nn,male
3196,男孩,递,nsubj,male
3197,他们,相貌,assmod,male
3198,女,明星,amod,female
3199,大哥,大姊,nn,male
3200,她,对,pobj,female
3201,她,丈夫,dep,female
3202,叔叔,新娘,conj,male
3203,先生,爱国心,assmod,male
3204,先生,以为,nsubj,male
3205,先生,留意,nsubj,male
3206,女孩,们,nn,female
3207,她,亲爱过,nsubj,female
3208,女儿,亲爱过,dobj,female
3209,爷爷,说,nsubj,male
3210,男,老师,amod,male
3211,他,含,nsubj,male
3212,父亲,是,top,male
3213,父亲,是,top,male
3214,男友,与,pobj,male
3215,小姐,向,pobj,female
3216,小姐,卷,nsubj,female
3217,他们,煽动,nsubj,male
3218,他们,领,dobj,male
3219,妹妹,痛苦,nsubj,female
3220,男孩,和,pobj,male
3221,男孩,和,pobj,male
3222,男孩,家里,nn,male
3223,男孩,早,nsubj,male
3224,妹妹,想不开,nsubj,female
3225,妹妹,情感,assmod,female
3226,她,喜欢,nsubj,female
3227,她,弄,nsubj,female
3228,他,自杀,nsubj,male
3229,男,时代,nn,male
3230,她们,提,nsubj,female
3231,她们,做出,nsubj,female
3232,女性,懿范,nn,female
3233,她们,敬爱,dobj,female
3234,男性,女性,conj,male
3235,女性,敬爱,dep,female
3236,她,与,pobj,female
3237,她,长相,assmod,female
3238,她,问,dobj,female
3239,她,说,nsubj,female
3240,她,擦,nsubj,female
3241,他,打开,nsubj,male
3242,他,让,dobj,male
3243,他,令,dobj,male
3244,他,拆开,nsubj,male
3245,儿子,名字,assmod,male
3246,男孩,找,dobj,male
3247,他,送给,dobj,male
3248,他们,失去,nsubj,male
3249,他们,一样,nsubj,male
3250,他们,出来,nsubj,male
3251,爷爷,说,nsubj,male
3252,她,是,top,female
3253,她,跟着,dobj,female
3254,他,言语,nsubj,male
3255,他,做,xsubj,male
3256,先生,世代,prnmod,male
3257,她们,跟,pobj,female
3258,她,是,nsubj,female
3259,她,是,top,female
3260,她,守,nsubj,female
3261,爸爸,妈妈,nn,male
3262,妈妈,爱,dobj,female
3263,爸爸,爱,dobj,male
3264,妈妈,逗,dobj,female
3265,爸爸,在家,nsubj,male
3266,父亲,喜欢,dobj,male
3267,他,老成,nn,male
3268,爸爸,海,nn,male
3269,爷爷,伯父,conj,male
3270,男子,挽,nsubj,male
3271,他,表情,nn,male
3272,他,是,nsubj,male
3273,他,比手画脚,xsubj,male
3274,他,进入,nsubj,male
3275,他们,邀请,assmod,male
3276,他们,排队,nsubj,male
3277,他,坚持,nsubj,male
3278,他,为,pobj,male
3279,他,看出,nsubj,male
3280,她,站,nsubj,female
3281,女,小人,amod,female
3282,他,感觉,nsubj,male
3283,他,英雄,conj,male
3284,他,有着,nsubj,male
3285,父亲,月,nn,male
3286,他,背负,nsubj,male
3287,她,带给,dobj,female
3288,女子,期,nsubj,female
3289,女子,来,nsubj,female
3290,他们,做,nsubj,male
3291,她,像,nsubj,female
3292,她,利于,dobj,female
3293,儿子,解释,nsubj,male
3294,他们,养,nsubj,male
3295,他,电话号码,assmod,male
3296,他,确定,nsubj,male
3297,女孩,嗓子,nn,female
3298,男孩,冒失,nsubj,male
3299,先生,怀念,dobj,male
3300,他们,莓,nn,male
3301,她,叫,dobj,female
3302,他,问题,assmod,male
3303,女友,名字,assmod,female
3304,她,用,nsubj,female
3305,女人,身上,nn,female
3306,她,想到,dobj,female
3307,女孩,没有,top,female
3308,妹妹,们,nn,female
3309,她们,老板,nn,female
3310,妹妹,坐,dobj,female
3311,他,朋友,assmod,male
3312,爸爸,时代,nn,male
3313,她,相信,top,female
3314,女友,感情,assmod,female
3315,他,唐突,nsubj,male
3316,他,举动,assmod,male
3317,哥哥,像,dobj,male
3318,他,有,nsubj,male
3319,妹妹,有,dobj,female
3320,妈妈,们,nn,female
3321,女,明星,amod,female
3322,她们,叫来,nsubj,female
3323,母亲,陪,dobj,female
3324,父亲,托人,nsubj,male
3325,他们,是,nsubj,male
3326,他们,迁居,nsubj,male
3327,他们,父亲,assmod,male
3328,父亲,看,dobj,male
3329,女儿,在,nsubj,female
3330,他,松,nsubj,male
3331,小姐,示范,nsubj,female
3332,他,行李箱,assmod,male
3333,小姐,垂询,nsubj,female
3334,他,让,dobj,male
3335,她,是,top,female
3336,他,搭机,nsubj,male
3337,他,给,pobj,male
3338,他们,剧,assmod,male
3339,她,问,dobj,female
3340,爷爷,喜欢,nsubj,male
3341,爸爸,去,nsubj,male
3342,妈妈,留,dobj,female
3343,女性,平权主义,nn,female
3344,她们,派,dep,female
3345,他,妈的,nn,male
3346,他,爸,nn,male
3347,她们,致力,nsubj,female
3348,女人,发现,dobj,female
3349,先生,照片,assmod,male
3350,他,话,assmod,male
3351,他们,父母,assmod,male
3352,他们,习于,nsubj,male
3353,爷爷,话,assmod,male
3354,她,朋友,assmod,female
3355,她,肾脏,assmod,female
3356,妈妈,以为,nsubj,female
3357,他们,起身,nsubj,male
3358,男,管家,amod,male
3359,女,员,amod,female
3360,女人,是,top,female
3361,女人,洁,nsubj,female
3362,男,先,nsubj,male
3363,女,后,nsubj,female
3364,哥哥,有,dobj,male
3365,他,临场,nsubj,male
3366,他,老婆,nn,male
3367,他,抚慰,dobj,male
3368,她,朝,pobj,female
3369,女孩,坐,nsubj,female
3370,他,抑郁,nsubj,male
3371,他,对,pobj,male
3372,他,是,top,male
3373,她,和,pobj,female
3374,她,烦,dobj,female
3375,她,叫声,nsubj,female
3376,她,拿,pobj,female
3377,她,叫,dobj,female
3378,他们,高高挺挺,nsubj,male
3379,她,肚子,nn,female
3380,她,告诉,nsubj,female
3381,她,记下,nsubj,female
3382,男,骑,nsubj,male
3383,女,机车,amod,female
3384,他,灵柩,assmod,male
3385,他们,之间,lobj,male
3386,男人,令,nsubj,male
3387,女孩,令,dobj,female
3388,她们,初夜,assmod,female
3389,他们,想到,dobj,male
3390,他们,爱,nsubj,male
3391,他们,必要性,assmod,male
3392,父亲,下来,nsubj,male
3393,她,与,pobj,female
3394,他,问,dobj,male
3395,她,认为,nsubj,female
3396,他们,无,nsubj,male
3397,他,被,nsubjpass,male
3398,他,妻子,nn,male
3399,她,号码,assmod,female
3400,男,孩子,amod,male
3401,他们,管,nsubj,male
3402,男人,是,top,male
3403,女人,是,top,female
3404,她,跟,pobj,female
3405,伯伯,总,nn,male
3406,伯伯,擦,nsubj,male
3407,他,看到,nsubj,male
3408,她,像,pobj,female
3409,他,阳痿,assmod,male
3410,他,充耳不闻,nsubj,male
3411,他,是,nsubj,male
3412,母亲,好友,nn,female
3413,他们,坐,nsubj,male
3414,先生,真实,xsubj,male
3415,他,是,top,male
3416,他,笑看,nsubj,male
3417,小妹,送,nsubj,female
3418,男人,交给,nsubj,male
3419,女儿,厮混,nsubj,female
3420,爸爸,学生,assmod,male
3421,男孩,是,attr,male
3422,他,喝酒,nsubj,male
3423,他,思乡,nsubj,male
3424,他,办,nsubj,male
3425,她,指挥,nsubj,female
3426,她,带,nsubj,female
3427,女儿,放学,nsubj,female
3428,他,说,nsubj,male
3429,爸爸,天父,nn,male
3430,妈妈,天父,conj,female
3431,他们,找,dobj,male
3432,男友,喜欢,nsubj,male
3433,他,寄,nsubj,male
3434,他,心血来潮,nsubj,male
3435,他,本意,assmod,male
3436,女人,骑,nsubj,female
3437,他,是,nsubj,male
3438,他,年轻人,nn,male
3439,爸爸,和,pobj,male
3440,他,告诉,top,male
3441,他,和,pobj,male
3442,他,婉拒,dobj,male
3443,男孩,说,nsubj,male
3444,他们,班,nn,male
3445,他,写,nsubj,male
3446,女孩,名声,assmod,female
3447,他,憎厌,nsubj,male
3448,他,当作,nsubj,male
3449,妹妹,对,pobj,female
3450,女儿,想到,dobj,female
3451,女儿,去,nsubj,female
3452,他,那样,nsubj,male
3453,他,自传,nn,male
3454,他,说,nsubj,male
3455,他,死,assmod,male
3456,父亲,灵魂,assmod,male
3457,爸爸,爱,nsubj,male
3458,他,棋盘,assmod,male
3459,他,见,dobj,male
3460,他,照,assmod,male
3461,他,沉醉,nsubj,male
3462,外公,纪念册,assmod,male
3463,男生,坐,nsubj,male
3464,他们,行经,nsubj,male
3465,他,喜欢,nsubj,male
3466,他,与,pobj,male
3467,他,跟,pobj,male
3468,爸爸,话,assmod,male
3469,他,是,top,male
3470,他,丧命,nsubj,male
3471,他,说,nsubj,male
3472,他,说,nsubj,male
3473,男,孩子,amod,male
3474,女孩,忘记,dobj,female
3475,她,是,top,female
3476,妹妹,有,dobj,female
3477,他,瞥见,nsubj,male
3478,他,让,dobj,male
3479,他,轮到,dobj,male
3480,女孩,做,dobj,female
3481,外婆,是,top,female
3482,女孩,做,dobj,female
3483,她,仰望,dobj,female
3484,她,是,top,female
3485,她,绕,dobj,female
3486,她,是,top,female
3487,她,劝,dobj,female
3488,她,走回,nsubj,female
3489,他,习,nsubj,male
3490,她,侦伺,assmod,female
3491,男孩,是,top,male
3492,女孩,是,nsubj,female
3493,他,告别,nsubj,male
3494,先生,教,dobj,male
3495,先生,批评,nn,male
3496,他们,作品,assmod,male
3497,男孩,和,pobj,male
3498,她,死,nsubj,female
3499,男,像,nsubj,male
3500,女,像,dobj,female
3501,女,像,nsubj,female
3502,男,像,dobj,male
3503,女人,马,amod,female
3504,她,教,dobj,female
3505,她,告诉,nsubj,female
3506,他,恍如,nsubj,male
3507,他,离去,nsubj,male
3508,他,抱怨,nsubj,male
3509,他,离去,assmod,male
3510,她们,讨论,nsubj,female
3511,他,叫,dobj,male
3512,他,爱,nsubj,male
3513,爸爸,妈妈,nn,male
3514,妈妈,爱,dobj,female
3515,她,大,nsubj,female
3516,她,想,nsubj,female
3517,他们,女孩子,nn,male
3518,他们,与,pobj,male
3519,他,后脑勺,nn,male
3520,他,是,top,male
3521,她,问候,nsubj,female
3522,她,盘桓,nsubj,female
3523,他们,周围,nn,male
3524,他们,加入,dobj,male
3525,他们,与,pobj,male
3526,她,哥哥,nn,female
3527,哥哥,们,nn,male
3528,他们,说,nsubj,male
3529,他,那个,nsubj,male
3530,先生,等,nsubj,male
3531,女,同胞,amod,female
3532,她,怪叫,nsubj,female
3533,她,惹,dobj,female
3534,他们,是,nsubj,male
3535,他,忘,nsubj,male
3536,他们,看,dobj,male
3537,先生,同,nsubj,male
3538,爸爸,妈妈,conj,male
3539,妈妈,晚安,dep,female
3540,妈妈,膝前,assmod,female
3541,她,跟,pobj,female
3542,他,像,nsubj,male
3543,外公,是,top,male
3544,男人,是,attr,male
3545,他,开,nsubj,male
3546,他,出,nsubj,male
3547,他,没有,dobj,male
3548,她,性子,assmod,female
3549,男孩,是,attr,male
3550,他,有,top,male
3551,他,讲,nsubj,male
3552,他们,巨书,nn,male
3553,他们,造访,nsubj,male
3554,他们,使得,dobj,male
3555,他,歪,nsubj,male
3556,他,脸上,nn,male
3557,他们,找到,nsubj,male
3558,他,回来,top,male
3559,他,去,nsubj,male
3560,他,回来,nsubj,male
3561,他,关于,pobj,male
3562,他,告诉,nsubj,male
3563,妹妹,女高音,assmod,female
3564,她,自信,assmod,female
3565,女人,觉得,nsubj,female
3566,女,觉得,dobj,female
3567,她们,研究,dobj,female
3568,她们,平凡,nsubj,female
3569,他,脸,conj,male
3570,他,居,nsubj,male
3571,她们,看来,lobj,female
3572,她,飞,nsubj,female
3573,她,漂亮,nsubj,female
3574,她,是,top,female
3575,女孩,是,attr,female
3576,他,顾左右而言,dobj,male
3577,先生,出,nsubj,male
3578,男人,女人,nn,male
3579,女人,身上,nn,female
3580,他,凌辱,dobj,male
3581,他,想,dobj,male
3582,他们,中心,nn,male
3583,女人,展开,nsubj,female
3584,他,撩拨,dobj,male
3585,他,复原,nsubj,male
3586,女儿,笑,dobj,female
3587,他,思索,nsubj,male
3588,他,主张,nsubj,male
3589,他,有,top,male
3590,哥哥,模样,assmod,male
3591,他们,胜,dobj,male
3592,先生,瞄到,nsubj,male
3593,他,向,pobj,male
3594,女儿,时代,assmod,female
3595,她,充满,nsubj,female
3596,妈妈,抱,nsubj,female
3597,妈妈,像是,dobj,female
3598,爷爷,是,top,male
3599,她,搬离,nsubj,female
3600,她,一样,nsubj,female
3601,她,觉,nsubj,female
3602,她,心意,nn,female
3603,男孩,们,nn,male
3604,男孩,去,nsubj,male
3605,男人,由,pobj,male
3606,男孩,好,nsubj,male
3607,先生,有,nsubj,male
3608,他,告诉,nsubj,male
3609,他们,告诉,dobj,male
3610,他们,教会,dobj,male
3611,他们,盖起,nsubj,male
3612,爸爸,晚安,dep,male
3613,她,爱,dobj,female
3614,她,让,dobj,female
3615,她,说话,nsubj,female
3616,她,要死,nsubj,female
3617,她,让,dobj,female
3618,他,敬,dobj,male
3619,他,冲犯,dobj,male
3620,她,住,nsubj,female
3621,爷爷,问,dobj,male
3622,男人,看,dobj,male
3623,他,是,nsubj,male
3624,小姐,意思,assmod,female
3625,她们,站,nsubj,female
3626,男,主人,amod,male
3627,男,主人,amod,male
3628,外公,家,nn,male
3629,外公,家,nn,male
3630,妹妹,弟弟,nn,female
3631,弟弟,载,dobj,male
3632,她,黏,nsubj,female
3633,她,陪,nsubj,female
3634,他,高,nsubj,male
3635,舅妈,哭,nsubj,female
3636,他们,议论纷纷,nsubj,male
3637,大哥,阿火,nn,male
3638,妈妈,说,nsubj,female
3639,她,盯,dobj,female
3640,女,学生,amod,female
3641,女生,嘲笑,assmod,female
3642,她们,多,nsubj,female
3643,男,是,attr,male
3644,女,是,attr,female
3645,她们,做,nsubj,female
3646,他们,说,nsubj,male
3647,男,孩子,amod,male
3648,男,孩子,amod,male
3649,他,朋友,assmod,male
3650,他,说,nsubj,male
3651,他们,和,pobj,male
3652,男子,感,dobj,male
3653,男孩,肯,nsubj,male
3654,他们,受,nsubj,male
3655,她,代替,nsubj,female
3656,男孩,去,nsubj,male
3657,她,猫梦,conj,female
3658,她们,上,top,female
3659,他们,加冕,nsubj,male
3660,先生,组合,nn,male
3661,他们,相信,nsubj,male
3662,他们,相信,nsubj,male
3663,他,说,dobj,male
3664,他,偶像,dep,male
3665,她,寄来,nsubj,female
3666,他,以为,nsubj,male
3667,他,用词,assmod,male
3668,爸爸,笑,nsubj,male
3669,女人,吉野太夫,nn,female
3670,她,是,top,female
3671,他,国,nsubj,male
3672,爷爷,和,pobj,male
3673,爷爷,说,nsubj,male
3674,他,线,nn,male
3675,他,教,nsubj,male
3676,她,阻止,dobj,female
3677,她,问,dobj,female
3678,她,说,nsubj,female
3679,她,想,nsubj,female
3680,他,礼物,nn,male
3681,她,强,nsubj,female
3682,爷爷,说,nsubj,male
3683,她,一样,nsubj,female
3684,女人,与,pobj,female
3685,他,管,dobj,male
3686,他,变得,nsubj,male
3687,他,想,nsubj,male
3688,他,引申,nsubj,male
3689,她,赶,nsubj,female
3690,她,是,top,female
3691,她,跟,pobj,female
3692,她,人,assmod,female
3693,他们,在,pobj,male
3694,他们,旅行,nsubj,male
3695,爸爸,跟,pobj,male
3696,妈妈,陪,dobj,female
3697,他们,说,nsubj,male
3698,她,出去,nsubj,female
3699,她,无聊,nsubj,female
3700,她,帮,dobj,female
3701,她,看,dobj,female
3702,她,穿,nsubj,female
3703,女孩,像,dobj,female
3704,她们,办事,nsubj,female
3705,男,孩子,amod,male
3706,父亲,是,top,male
3707,他们,骂,nsubj,male
3708,她,唱,nsubj,female
3709,她,有,top,female
3710,男,作家,amod,male
3711,他,描述,nsubj,male
3712,女性,坐,nsubj,female
3713,他,令,dobj,male
3714,女子,期,nsubj,female
3715,女子,来,nsubj,female
3716,他,内裤,assmod,male
3717,男人,教,dobj,male
3718,男人,亏,nn,male
3719,他,停下,nsubj,male
3720,女人,惊动,dobj,female
3721,她,弯,nsubj,female
3722,他,是,nsubj,male
3723,她,来说,lobj,female
3724,她,才华,assmod,female
3725,她,对,pobj,female
3726,先生,是,top,male
3727,她们,认识,nsubj,female
3728,他们,居住,nsubj,male
3729,他们,读,nsubj,male
3730,母亲,是,top,female
3731,他们,与,pobj,male
3732,她们,是,top,female
3733,她们,谈话,nsubj,female
3734,她们,宠,nsubj,female
3735,妈妈,像,pobj,female
3736,她们,叮嘱,dobj,female
3737,女孩,是,attr,female
3738,他,是,top,male
3739,她,由,dobj,female
3740,她,拿出,nsubj,female
3741,她,时代,nn,female
3742,他,给,dobj,male
3743,他,师父,nn,male
3744,他,命,dobj,male
3745,他,斩,nsubj,male
3746,他,提醒,dobj,male
3747,他,让,dobj,male
3748,他们,追缉,dobj,male
3749,他,为,nsubj,male
3750,妹妹,恹恹,nsubj,female
3751,女孩,没有,nsubj,female
3752,女孩,叫,range,female
3753,他们,身体,assmod,male
3754,男孩,是,attr,male
3755,他,读,nsubj,male
3756,他,告诉,nsubj,male
3757,他们,跷课,nsubj,male
3758,他,老家,assmod,male
3759,她,是,top,female
3760,女孩,是,attr,female
3761,女孩,开,nsubj,female
3762,他,腿,assmod,male
3763,他,醒来,assmod,male
3764,外婆,挣脱,dobj,female
3765,他,想起,nsubj,male
3766,他们,视若无睹,nsubj,male
3767,他,怀疑,nsubj,male
3768,他们,看,nsubj,male
3769,他,信,assmod,male
3770,她,少,nsubj,female
3771,他们,人,nn,male
3772,女孩,神采飞扬,nsubj,female
3773,男孩,笑,nsubj,male
3774,她,手,assmod,female
3775,他,目睹,nsubj,male
3776,他,记挂,nsubj,male
3777,父亲,立,nsubj,male
3778,他,清楚,nsubj,male
3779,父亲,协助,dobj,male
3780,他,花,nsubj,male
3781,他,突破,nsubj,male
3782,他,封杀,dobj,male
3783,他,指向,nsubj,male
3784,爷爷,说,nsubj,male
3785,外公,爱,nsubj,male
3786,爸爸,和,pobj,male
3787,她,叫,nsubj,female
3788,他,资料,nn,male
3789,他,记载,nsubj,male
3790,他,程度,nn,male
3791,她,问,nsubj,female
3792,他,帅,nsubj,male
3793,他,讲话,nsubj,male
3794,他,待,nsubj,male
3795,他,睽违,nsubj,male
3796,他,赞成,top,male
3797,他,苟同,nsubj,male
3798,他,信,nsubj,male
3799,他们,之中,lobj,male
3800,他们,去,nsubj,male
3801,爸爸,布置,nsubj,male
3802,他们,让,dobj,male
3803,女孩,使,nsubj,female
3804,他,味儿,nn,male
3805,她,能力,assmod,female
3806,她,让,dobj,female
3807,她,指认,nsubj,female
3808,他们,同情,dobj,male
3809,舅舅,带,nsubj,male
3810,他,省籍,assmod,male
3811,他,老子,nn,male
3812,他,闻风,nsubj,male
3813,哥哥,知道,nsubj,male
3814,她,看,nsubj,female
3815,男生,打,dobj,male
3816,他们,怕,nsubj,male
3817,爸爸,接,dobj,male
3818,爸爸,向,pobj,male
3819,他们,控制,nsubj,male
3820,她们,是,nsubj,female
3821,他,果决,nsubj,male
3822,女孩,责任,nn,female
3823,她,发表,nsubj,female
3824,她,分辨,nsubj,female
3825,妈妈,做,nsubj,female
3826,他们,家,nn,male
3827,先生,们,nn,male
3828,他们,相信,nsubj,male
3829,他,做,nsubj,male
3830,她,娶回,nsubj,female
3831,他们,勾,nsubj,male
3832,他们,有,nsubj,male
3833,他们,健忘,nsubj,male
3834,妹妹,们,nn,female
3835,女儿,说,nsubj,female
3836,女儿,看,nsubj,female
3837,女儿,喝,conj,female
3838,她,告诉,dobj,female
3839,他,眼睛,assmod,male
3840,他,说,nsubj,male
3841,他,说,nsubj,male
3842,他,悟,nsubj,male
3843,先生,合不拢嘴,nsubj,male
3844,哥哥,骗,nsubj,male
3845,他,喜欢,dobj,male
3846,他,温文,assmod,male
3847,哥哥,叫,dobj,male
3848,他,有,nsubj,male
3849,他,听,dobj,male
3850,他,摩托车,nn,male
3851,他,懂,top,male
3852,他,长篇大论,nsubj,male
3853,他,叫,dobj,male
3854,他,反应,assmod,male
3855,他,思索,nsubj,male
3856,他,描述,nsubj,male
3857,他,打断,dobj,male
3858,他,返回,nsubj,male
3859,她们,美国人,nn,female
3860,他,慢,nsubj,male
3861,他们,避免,nsubj,male
3862,爸爸,妈妈,nn,male
3863,妈妈,要,nsubj,female
3864,他,叫出,dobj,male
3865,他,看,dobj,male
3866,他们,缺乏,nsubj,male
3867,他们,老手,nsubj,male
3868,叔叔,帮,dobj,male
3869,爷爷,说,nsubj,male
3870,女孩,自杀,nsubj,female
3871,她,知,nsubj,female
3872,她,心境,nn,female
3873,她,死,assmod,female
3874,她,瘦,nsubj,female
3875,他,手,assmod,male
3876,他,提醒,dobj,male
3877,他,要,nsubj,male
3878,他,移往,nsubj,male
3879,他们,记得,nsubj,male
3880,女,学生,amod,female
3881,他,递给,dobj,male
3882,他,告诉,dobj,male
3883,妹妹,说,nsubj,female
3884,他,座骑,dep,male
3885,他,披风,nsubj,male
3886,他,知道,nsubj,male
3887,他,入睡,nsubj,male
3888,他,知道,nsubj,male
3889,她,在,nsubj,female
3890,他,觉,nsubj,male
3891,他,子,assmod,male
3892,他,判定,nsubj,male
3893,他们,于,pobj,male
3894,他,想,nsubj,male
3895,他们,关心,nsubj,male
3896,他,儿子,assmod,male
3897,儿子,关心,dobj,male
3898,他,回答,nsubj,male
3899,她,泼,nsubj,female
3900,她,相信,nsubj,female
3901,她,朋友,assmod,female
3902,她,像,nsubj,female
3903,她,等,dobj,female
3904,他们,以为,dobj,male
3905,伯伯,看到,dobj,male
3906,他,想,dobj,male
3907,女孩,做,nsubj,female
3908,她,跑出,nsubj,female
3909,他,想起,dobj,male
3910,他,回到,nsubj,male
3911,他,谈,nsubj,male
3912,他,徘徊,nsubj,male
3913,他,年轻,nsubj,male
3914,他,找,nsubj,male
3915,他,让,dobj,male
3916,他们,等待,nsubj,male
3917,他们,等到,nsubj,male
3918,他们,像,nsubj,male
3919,妈妈,保守,nsubj,female
3920,她,穿,nsubj,female
3921,他们,离婚,nsubj,male
3922,她,和,pobj,female
3923,她,睡,nsubj,female
3924,妈妈,洗,nsubj,female
3925,外公,牵,nsubj,male
3926,外婆,怀中,nn,female
3927,她,对,pobj,female
3928,她,是,nsubj,female
3929,她,遗失,nsubj,female
3930,女性,做,dobj,female
3931,她,起来,nsubj,female
3932,她,要,nsubj,female
3933,妈妈,笑,nsubj,female
3934,她,背影,nn,female
3935,她,气,nsubj,female
3936,她,自己,dep,female
3937,他,这样,nsubj,male
3938,她,替,pobj,female
3939,她,替,pobj,female
3940,她,有,top,female
3941,妈妈,去,nsubj,female
3942,他,深知,nsubj,male
3943,他,预知,nsubj,male
3944,他,认,nsubj,male
3945,她,父亲,dep,female
3946,父亲,是,top,male
3947,她,迟疑,nsubj,female
3948,女儿,任,pobj,female
3949,女儿,盛情,nsubj,female
3950,弟弟,添,dobj,male
3951,他,拿出,nsubj,male
3952,男人,买,nsubj,male
3953,男子,买,nsubj,male
3954,他们,眼前,nn,male
3955,他,张皇,nsubjpass,male
3956,他,拉,dobj,male
3957,伯伯,抬头,nsubj,male
3958,爷爷,坚持,nsubj,male
3959,父亲,做事,top,male
3960,父亲,找,dobj,male
3961,女性,面壁,nsubj,female
3962,男性,上司,nn,male
3963,她,有,top,female
3964,妹妹,有,dobj,female
3965,她,讲,nsubj,female
3966,男生,持,nsubj,male
3967,男人,拐,nsubj,male
3968,他们,穿,nsubj,male
3969,他,是,top,male
3970,他,哼完,nsubj,male
3971,他,立,nsubj,male
3972,他,遥望,nsubj,male
3973,女,剪,nsubj,female
3974,她,答,nsubj,female
3975,她,和,pobj,female
3976,她们,抱,nsubj,female
3977,她们,跟,pobj,female
3978,她们,认为,nsubj,female
3979,她们,对付,dobj,female
3980,女儿,替,pobj,female
3981,他,要,nsubj,male
3982,女孩,看到,dobj,female
3983,男孩,当,dobj,male
3984,她,欣赏,dobj,female
3985,先生,失望,dobj,male
3986,他,眼睛,nn,male
3987,男孩,偏,nsubj,male
3988,她,来,nsubj,female
3989,她,遇到,top,female
3990,他,望,nsubj,male
3991,他,凝,nsubj,male
3992,他,带给,dobj,male
3993,她,活,nsubj,female
3994,她,有,top,female
3995,她,扮好,nsubj,female
3996,她,要,dobj,female
3997,妹妹,离去,nsubj,female
3998,她,是,top,female
3999,她,暴躁,nsubj,female
4000,她,暴躁,assmod,female
4001,她,正义感,assmod,female
4002,她,人士,conj,female
4003,她,告诉,dobj,female
4004,她,做,nsubj,female
4005,她,得到,nsubj,female
4006,她,手,assmod,female
4007,她们,去,nsubj,female
4008,她们,是,nsubj,female
4009,他,单身,nsubj,male
4010,他,供养,dobj,male
4011,他,允许,dobj,male
4012,他,貼补,dobj,male
4013,他,由,pobj,male
4014,他,由,pobj,male
4015,他,由,pobj,male
4016,他,村,nn,male
4017,男生,来,nsubj,male
4018,他,干预,nsubj,male
4019,他,烤,nsubj,male
4020,他,问,nsubj,male
4021,女生,朱梅君,nn,female
4022,她,仿效,dobj,female
4023,她,书籍,nn,female
4024,她,忙,nsubj,female
4025,他们,没,nsubj,male
4026,爷爷,除了,pobj,male
4027,爷爷,说,nsubj,male
4028,男,孩子,amod,male
4029,他,自己,dep,male
4030,他,自己,dep,male
4031,她,嚷,nsubj,female
4032,他,歌曲,nn,male
4033,他们,其中,dep,male
4034,他,宝将,nn,male
4035,妈妈,们,assmod,female
4036,他,一生,assmod,male
4037,他,望,nsubj,male
4038,父亲,比,pobj,male
4039,他,状况,assmod,male
4040,他,是,nsubj,male
4041,他,自觉,nsubj,male
4042,儿子,比,pobj,male
4043,他们,打开,nsubj,male
4044,她,死,assmod,female
4045,她,加上,nsubj,female
4046,她,减去,dobj,female
4047,妈妈,系,nsubj,female
4048,她们,负责,nsubj,female
4049,他,认为,nsubj,male
4050,他,知道,nsubj,male
4051,他,守,dobj,male
4052,他,一样,nsubj,male
4053,她,是不是,dobj,female
4054,她,在乎,nsubj,female
4055,她,牵,dobj,female
4056,她,告诉,dobj,female
4057,女儿,回来,nsubj,female
4058,她,请,dobj,female
4059,她,给,pobj,female
4060,他,告诉,dobj,male
4061,他们,凶,nsubj,male
4062,他们,同学,nn,male
4063,他,像,pobj,male
4064,母亲,失,dobj,female
4065,他,她,conj,male
4066,她,寄给,dobj,female
4067,男,是,attr,male
4068,女,是,attr,female
4069,母亲,怀里,nn,female
4070,男孩,拥,nsubj,male
4071,女孩,身影,assmod,female
4072,他,招认,dobj,male
4073,他,转折点,nn,male
4074,女儿,语言,assmod,female
4075,他们,飘,nsubj,male
4076,他,认识,dobj,male
4077,他,一样,nsubj,male
4078,他,记得,dobj,male
4079,他,懊丧,nsubj,male
4080,他们,待,nsubj,male
4081,他,待,dobj,male
4082,他,庆幸,nsubj,male
4083,他们,无知,assmod,male
4084,他,使用,nsubj,male
4085,他们,受到,nsubj,male
4086,她,想起,dobj,female
4087,她,看,dobj,female
4088,她,召唤,nsubj,female
4089,她,临,nsubj,female
4090,她,吃,nsubj,female
4091,男友,带来,nsubj,male
4092,他,看,dobj,male
4093,他,察觉,nsubj,male
4094,他,看,nsubj,male
4095,他,出入,nsubj,male
4096,他,孤僻,assmod,male
4097,妹妹,搀,nsubj,female
4098,妹妹,拽住,nsubj,female
4099,女儿,给,pobj,female
4100,男孩,变得,nsubj,male
4101,他,讲,nsubj,male
4102,他,妻,assmod,male
4103,外公,和,pobj,male
4104,她,送,dobj,female
4105,她,告诉,dobj,female
4106,她,文章,assmod,female
4107,她,好,nsubj,female
4108,她,消息,assmod,female
4109,她,没有,nsubj,female
4110,他,醒,dobj,male
4111,他们,看,dobj,male
4112,他们,伟大,nsubj,male
4113,他,一样,nsubj,male
4114,他们,奏,nsubj,male
4115,他,通电话,nsubj,male
4116,他,跟,pobj,male
4117,妹妹,惠理,nn,female
4118,他,告诉,nsubj,male
4119,他们,监听,nsubj,male
4120,她,叫,dobj,female
4121,她,皱,nsubj,female
4122,她们,表演,nn,female
4123,他,镜片,assmod,male
4124,妈妈,机警,nsubj,female
4125,爸爸,有,nsubj,male
4126,他,折,nsubj,male
4127,她,带,nsubj,female
4128,她,特有,nn,female
4129,她,问,nsubj,female
4130,妈妈,们,nn,female
4131,他,窥伺,nsubj,male
4132,他,妻,assmod,male
4133,她,尾随,dobj,female
4134,她,年老,nsubj,female
4135,母亲,比,pobj,female
4136,他,使,dobj,male
4137,他,觉得,nsubj,male
4138,她,严肃,nsubj,female
4139,爷爷,山上,assmod,male
4140,他,费,nsubj,male
4141,她,劝解,dobj,female
4142,她,给,dobj,female
4143,她,告诉,dobj,female
4144,他,承认,nsubj,male
4145,他,忍住,nsubj,male
4146,她,同学,nn,female
4147,她,邀,dobj,female
4148,她,习惯,nsubj,female
4149,他们,笑,nsubj,male
4150,她,奔走,nsubj,female
4151,她,有,nsubj,female
4152,小弟,跟,nsubj,male
4153,女儿,捡拾,nsubj,female
4154,妹妹,忘记,nsubj,female
4155,她,想起,dobj,female
4156,她,观察,nsubj,female
4157,他,知,nsubj,male
4158,他,干扰,dobj,male
4159,爸爸,妈妈,nn,male
4160,妈妈,是,top,female
4161,他们,迁徙,nsubj,male
4162,她们,传,nsubj,female
4163,男人,让,dobj,male
4164,先生,。,root,male
4165,她,女人,conj,female
4166,女孩,女人,conj,female
4167,女人,形容,dobj,female
4168,她,吓倒,dobj,female
4169,她,屏,nsubj,female
4170,她,冲出,nsubj,female
4171,爸爸,答应,nsubj,male
4172,妹妹,跟,pobj,female
4173,男孩,是,attr,male
4174,他,聪明,nsubj,male
4175,她,足,nsubj,female
4176,他,反应,assmod,male
4177,他,看,dobj,male
4178,他们,对,pobj,male
4179,他,妻子,assmod,male
4180,他,行径,nn,male
4181,他,喜欢,nsubj,male
4182,他,教,dobj,male
4183,爸爸,妹妹,conj,male
4184,妈妈,妹妹,conj,female
4185,妹妹,去,top,female
4186,他们,死,nsubj,male
4187,妈妈,帮,dobj,female
4188,他,推销,nsubj,male
4189,他,政策,assmod,male
4190,女性,直觉,assmod,female
4191,他,专业,assmod,male
4192,叔叔,替,pobj,male
4193,他,想,nsubj,male
4194,他们,骗到,nsubj,male
